date,c_open,c_high,c_low,n_close,n_adj_close,adj_sum_5,adj_sum_10,adj_sum_15,adj_sum_20,adj_sum_25,adj_sum_30,label,closing_price_for_label,melody_ma20,melody_std20,melody_lb20,melody_ub20,melody_ema20,melody_macd_12_26,melody_str_log_return
2013-06-03,-1.332136,0.0449,-1.93085,2.281075,2.281066,-0.730417,0.501435,0.766367,1.476591,1.171696,0.670073,1.0,57.016388,,,,,,,
2013-06-04,-0.166039,0.362261,-0.649057,-0.838195,-0.838189,0.184153,1.07623,1.406797,2.193968,1.950194,1.612583,-1.0,56.538483,,,,,,,-0.00841721394068857
2013-06-05,0.186282,1.288423,-0.248364,-2.762267,-2.762262,2.489908,3.210183,3.889064,4.76638,4.672465,4.494983,-1.0,54.976742,,,,,,,-0.02801129827375235
2013-06-06,-1.095002,0.030853,-1.804439,0.651968,0.651958,1.061082,2.001864,2.983771,3.660566,3.932158,3.747189,1.0,55.335167,,,,,,,0.006498414624268396
2013-06-07,-1.0123,0.04672,-1.432796,-0.971618,-0.971614,1.706898,2.485597,3.704517,4.25246,4.85844,4.643105,-1.0,54.797523,,,,,,,-0.009763645491121551
2013-06-10,-0.141443,0.487188,-0.282885,-0.903283,-0.903274,1.634439,2.932571,4.227558,4.760328,5.565295,5.462303,-1.0,54.302551,,,,,,,-0.009073786623909695
2013-06-11,-1.457166,0.752597,-1.649324,-1.854471,-1.85448,2.33787,4.309048,5.597013,6.267417,7.197443,7.184419,-1.0,53.295521,,,,,,,-0.01871891170889262
2013-06-12,1.419579,1.774476,-0.209713,-0.736588,-0.736593,2.313278,4.410392,5.608436,6.549451,7.561227,7.698562,-1.0,52.90295,,,,,,,-0.007393190964782977
2013-06-13,-1.556599,0.141511,-1.729557,2.597187,2.597195,-0.666665,1.18239,2.438157,3.577048,4.411955,4.854303,1.0,54.276943,,,,,,,0.025640411389595878
2013-06-14,1.369863,1.752154,-0.207068,-1.289307,-1.28931,0.175218,2.099396,3.271746,4.593825,5.336738,6.068288,-1.0,53.577145,,,,,,,-0.012976936405456736
2013-06-17,-0.047413,0.505769,-0.758652,0.780505,0.780508,-0.714402,0.749168,2.107369,3.436858,4.142249,5.019232,1.0,53.995319,,,,,,,0.007774779732698559
2013-06-18,-0.607024,0.782751,-0.638973,-1.058957,-1.058953,0.396163,1.244406,2.838123,4.107027,4.889457,5.849842,-1.0,53.423534,,,,,,,-0.010645997129913987
2013-06-19,2.366083,3.220504,-0.049292,-2.779548,-2.779547,2.895162,3.554049,5.197712,6.400748,7.401243,8.447798,-1.0,51.938602,,,,,,,-0.028189070291357272
2013-06-20,1.492799,1.818808,-0.171584,-4.239241,-4.239238,5.624566,7.01269,8.820627,10.247933,11.55044,12.556618,-1.0,49.736801,,,,,,,-0.04331716832850576
2013-06-21,-0.118805,0.45825,-1.527492,1.098145,1.098135,3.167014,4.952484,6.914464,8.319761,9.790231,10.725851,1.0,50.282978,,,,,,,0.010921488417584786
2013-06-24,0.609967,1.307076,-1.394212,-2.613709,-2.61371,3.882889,6.680029,8.688277,10.412166,12.020218,13.007439,-1.0,48.968727,,,,,,,-0.026484740420635686
2013-06-25,-1.084332,0.413084,-1.600689,1.254787,1.254785,1.046481,4.609303,6.406204,8.364036,9.945621,11.018944,1.0,49.583179,,,,,,,0.012469773278859885
2013-06-26,-0.086265,0.569362,-0.707384,-0.240962,-0.240945,0.289845,4.166656,5.920163,7.91838,9.437532,10.694147,0.0,49.463711,,,,,,,-0.0024123535415699207
2013-06-27,-0.325118,0.787137,-0.479122,0.828157,0.828149,-0.479126,2.428131,4.320099,6.272242,7.861053,9.291011,1.0,49.873344,,,,,,,0.008247382045103361
2013-06-28,0.01734,0.728411,-0.659037,-1.334701,-1.334709,0.430112,2.925778,4.973991,7.045616,8.635455,10.229513,-1.0,49.20768,52.674664400000005,2.5935158192704626,47.48763276145908,57.86169603854093,52.143347421703055,,-0.013436962773995248
2013-07-01,0.328375,0.933289,-0.397511,0.346863,0.346867,0.248876,1.634981,3.946306,5.902176,7.646733,9.283904,0.0,49.378365,52.29276324999999,2.480430967854425,47.331901314291144,57.25362518570884,51.880015762493244,,0.003462663920503493
2013-07-02,0.708975,1.10669,-0.760856,-0.051848,-0.051847,0.207504,0.862872,3.467632,5.229116,7.137468,8.750357,0.0,49.352764,51.93347730000001,2.35007222124909,47.23333285750183,56.633621742498185,51.63932511844627,,-0.0005186003813199782
2013-07-03,-0.388832,0.70696,-1.254866,-2.161508,-2.16151,1.933545,2.334747,5.116059,6.86108,8.827146,10.411216,-1.0,48.285999,51.59894015,2.370190812624569,46.85855852475086,56.33932177524913,51.319960726213296,,-0.021852129556439486
2013-07-05,-0.088778,0.266337,-1.171875,-0.45953,-0.459522,1.651274,2.459157,4.739579,6.598007,8.54829,10.209512,0.0,48.064114,51.2353875,2.324135147877262,46.58711720424548,55.88365779575452,51.00988008562155,,-0.004605814883618925
2013-07-08,0.195001,1.02819,-0.141815,0.159801,0.159797,1.045915,1.850736,3.819654,5.736572,7.743307,9.376588,0.0,48.140919,50.9025573,2.2629962283716503,46.376564843256695,55.4285497567433,50.73664569651474,,0.0015966943500228046
2013-07-09,-0.732665,0.136311,-1.652748,4.041835,4.041838,-2.596694,-1.882775,-0.7338,1.208041,3.004257,4.670868,1.0,50.086697,50.6917646,2.1215546221985986,46.4486553556028,54.934873844397195,50.6747458206562,-1.7020832854860615,0.039622921563222765
2013-07-10,0.205978,1.441813,-0.2403,-0.732665,-0.732664,-1.730175,-1.131136,-0.497769,1.595433,3.215927,5.000571,-1.0,49.71973,50.51297505,2.039670717668143,46.43363361466372,54.59231648533628,50.583791932974655,-1.5707715885648028,-0.00735360767218426
2013-07-11,-1.246158,0.194205,-1.521287,6.059051,6.059041,-5.65787,-6.15957,-6.081887,-4.224791,-2.850944,-1.233747,1.0,52.732269,50.504441,2.0294762724515865,46.44548845509683,54.56339354490317,50.78840879650088,-1.209675021591572,0.05882574693202722
2013-07-12,0.708637,1.318392,-0.263678,-1.796409,-1.796403,-2.495057,-4.073831,-4.100199,-2.713416,-1.348057,0.208194,-1.0,51.784985,50.3798431,1.854641882450902,46.6705593350982,54.08912686490181,50.883320815881746,-0.9885459503550962,-0.018127340767862637
2013-07-15,0.377792,0.591329,-0.147832,0.3296,0.329601,-1.346916,-3.860056,-4.200617,-3.189064,-1.890937,-0.36411,0.0,51.955669,50.298769300000004,1.7393777220167872,46.82001385596643,53.77752474403358,50.9854492143692,-0.790415379439267,0.0032905933678401525
2013-07-16,-0.830665,0.063899,-1.613415,2.825225,2.825226,-2.808307,-5.744408,-6.276891,-5.902556,-4.652397,-3.32588,1.0,53.423534,50.27018005,1.679075406265737,46.91202923746852,53.62833086253148,51.217647765381656,-0.509082648614168,0.027860524742324762
2013-07-17,0.977146,1.4342,-0.252167,1.357832,1.357827,-2.474389,-6.121354,-6.970317,-7.096138,-5.866667,-4.768059,1.0,54.148933,50.30645,1.7568117549802005,46.792826490039594,53.8200735099604,51.496817787726265,-0.2249971683538874,0.013486908236596483
2013-07-18,0.427486,1.09246,-0.158326,-0.457054,-0.457054,-1.592778,-4.64851,-5.994298,-6.48749,-5.360353,-4.397297,0.0,53.901443,50.40459205,1.9016444488317084,46.601303152336584,54.20788094766341,51.725829712704716,-0.019601795861035498,-0.004581019372171665
2013-07-19,0.591059,1.006393,-0.28754,-0.88664,-0.886635,-0.099041,-2.792332,-4.71033,-5.305911,-4.577636,-3.661343,-1.0,53.423534,50.588928700000004,2.0091533459856565,46.57062200802869,54.607235391971315,51.88751583530427,0.1034200919423256,-0.008905888864424833
2013-07-22,-1.093752,0.250006,-1.421875,2.236425,2.236421,-1.309375,-3.732812,-6.134374,-6.980468,-6.588749,-5.779687,1.0,54.618309,50.80569525,2.199279681278939,46.407135887442124,55.204254612557875,52.1475913747991,0.29393587193707305,0.022117795718963537
2013-07-23,-0.308398,0.215883,-0.539704,1.328122,1.328124,-1.90902,-4.044717,-6.646105,-7.623746,-7.71565,-6.95194,1.0,55.343708,51.1244443,2.374058034179339,46.376328231641324,55.87256036835868,52.45198343434204,0.497717262281256,0.013193819878777598
2013-07-24,2.527651,2.527651,-0.315957,-2.39013,-2.390125,0.445493,-0.898898,-3.784101,-4.951031,-5.411694,-4.628757,-1.0,54.020924,51.34633155,2.4291681090301656,46.48799533193967,56.20466776806033,52.601406345357084,0.5461818243767596,-0.024191523095344936
2013-07-25,-1.771161,0.062697,-1.802503,0.789889,0.789879,-0.141061,-1.360496,-3.783693,-5.238239,-5.968647,-5.281604,1.0,54.447624,51.59552719999999,2.480959933300657,46.63360733339868,56.557447066601306,52.77723659818022,0.6119670872791971,0.007867759069045922
2013-07-26,-0.979936,0.046662,-1.44657,0.768028,0.768032,-0.376421,-1.550786,-3.69057,-5.505523,-6.311403,-5.967751,1.0,54.865799,51.84514994999999,2.5487934601481186,46.747563029703755,56.94273687029623,52.97614730311543,0.6898929532309239,0.007650973291801118
2013-07-29,-0.405936,0.405925,-0.608904,-0.373305,-0.373302,0.012484,-0.68697,-2.534485,-4.652622,-5.639976,-5.549317,0.0,54.660984,52.11781515,2.5434783620027543,47.03085842599449,57.20477187400551,53.13660794091396,0.7267454356349106,-0.003740002821766425
2013-07-30,0.714394,0.793777,-0.460392,-1.654959,-1.654959,1.104934,1.046193,-0.439228,-2.6409,-3.695829,-3.97471,-1.0,53.756367,52.33671525,2.482976581134141,47.37076208773171,57.30266841226828,53.19563261320787,0.6751732844057372,-0.016688066726884394
2013-07-31,-0.239117,1.243421,-0.382589,-0.412767,-0.412762,1.342256,1.350226,0.448477,-1.84681,-3.00144,-3.569802,0.0,53.534481,52.54580109999999,2.392913014703859,47.759975070592276,57.33162712940771,53.22790388814046,0.6093731626802494,-0.004136164835471966
2013-08-01,-0.015726,0.26725,-0.534509,1.402839,1.402832,-0.119475,0.018865,-0.750406,-2.652099,-3.988053,-4.759735,1.0,54.28548,52.845775149999994,2.1989890183459506,48.44779711330809,57.2437531866919,53.328625422603274,0.6107846893889928,0.013930836895413658
2013-08-02,-0.141779,0.472588,-0.441082,-0.204372,-0.204375,-0.170126,0.362323,-0.253094,-1.88878,-3.473847,-4.291637,0.0,54.174534,53.15129614999999,1.90442637381733,49.34244340236533,56.96014889763465,53.409188144260106,0.5960796839398483,-0.0020458422344803388
2013-08-05,0.173121,0.723952,-0.015741,0.09452,0.094524,-0.42493,0.195151,-0.068201,-1.420367,-3.19484,-4.139652,0.0,54.225742,53.4555373,1.5062895787296766,50.44295814254065,56.46811645745936,53.48695517814009,0.5818507060644151,0.0009447947126844995
2013-08-06,0.458282,0.458282,-0.474082,-0.409194,-0.409195,0.075856,0.358726,0.414035,-0.652653,-2.454486,-3.434997,0.0,54.003853,53.6513951,1.2833676338435862,51.08465983231283,56.21813036768717,53.53618354212675,0.5463713221897635,-0.004100344473831765
2013-08-07,-0.539255,0.539255,-0.618555,-0.363464,-0.363465,0.542428,0.685174,0.738041,0.089614,-1.767484,-2.821039,0.0,53.807568,53.855787,0.8892485215581136,52.077289956883774,55.634284043116224,53.562029680971825,0.49668956761914274,-0.003641269450960191
2013-08-08,-2.395394,0.439662,-2.637959,4.615385,4.615382,-3.180713,-3.429346,-3.423282,-4.010002,-5.53244,-6.704059,1.0,56.290993,54.0337232,1.0015568268155441,52.03060954636891,56.03683685363109,53.8219309494507,0.6502128132675864,0.045120413689366944
2013-08-09,-1.89125,0.576241,-2.334518,2.607643,2.60765,-4.400122,-5.382686,-5.377269,-5.932332,-7.261824,-8.61998,1.0,57.758865,54.332417199999995,1.1719237736735395,51.98856965265291,56.676264747347076,54.196877049503016,0.8801799280831233,0.025742304005382587
2013-08-12,-0.931684,0.857725,-0.961257,-0.088648,-0.088651,-3.108553,-4.770782,-4.936414,-5.350493,-6.51642,-8.047919,0.0,57.707661,54.620016799999995,1.2604044755878359,52.09920784882432,57.14082575117567,54.53123742574082,1.046238403473268,-0.0008869064503843374
2013-08-13,0.607774,0.726353,-0.429886,-0.236622,-0.236606,-1.639502,-3.882313,-4.453022,-4.765801,-5.774695,-7.355483,0.0,57.571121,54.82739614999999,1.3879384639018868,52.05151922219622,57.60327307780376,54.820750147098835,1.1535261730413424,-0.0023688672187719487
2013-08-14,0.221079,0.928526,-0.103167,0.578119,0.578097,-0.789968,-3.680169,-4.555138,-4.988938,-5.750913,-7.395718,1.0,57.903938,55.015146400000006,1.537271759582375,51.94060288083526,58.089689919164755,55.114387085470376,1.250987449220986,0.005764325637703496
2013-08-15,-1.278664,0.27925,-1.513814,0.280034,0.280041,-0.455614,-3.298063,-4.406234,-4.895652,-5.646681,-7.09289,0.0,58.066093,55.2233789,1.6559559046559815,51.911467090688035,58.535290709311965,55.395501934473195,1.3260251733022344,0.002796500169540858
2013-08-16,0.577434,0.799528,-0.162868,-0.734862,-0.734866,0.239861,-1.981047,-3.377749,-3.82588,-4.5419,-5.851347,-1.0,57.639385,55.434171449999994,1.6828951093687226,52.06838123126255,58.79996166873744,55.609205083570984,1.3356646303652937,-0.0073757948520190965
2013-08-19,0.492761,0.716733,-0.104523,-0.843944,-0.84394,0.898909,-0.634615,-2.264698,-2.785578,-3.365689,-4.524417,-1.0,57.152943,55.56090315,1.7133824451202337,52.13413825975953,58.98766804024047,55.756227742278504,1.2891911721626812,-0.008475216422627215
2013-08-20,0.990857,1.737805,-0.045729,-2.045697,-2.0457,2.439028,1.794213,0.041672,-0.698165,-1.164629,-2.179365,-1.0,55.983765,55.59290599999999,1.7150888180855095,52.162728363828975,59.02308363617101,55.7778979572996,1.1448209451131959,-0.020669146989306643
2013-08-21,1.890963,2.08005,-0.078788,-3.262194,-3.262199,4.509936,5.291532,3.491973,2.663105,2.168935,1.392487,-1.0,54.157463,55.599732949999996,1.7087622556063942,52.18220843878721,59.017257461212786,55.623570818509165,0.8729760669962161,-0.033165953170092695
2013-08-22,0.278552,0.897546,-0.201184,1.827929,1.827929,1.575364,3.194062,1.738371,0.883631,0.425259,-0.281643,1.0,55.147423,55.63472290000001,1.6910016309820448,52.25271963803592,59.016726161964094,55.57822340722257,0.7290149110128681,0.018114232681342882
2013-08-23,0.63516,0.914014,-0.154928,-0.108326,-0.108311,0.75909,2.821059,1.959194,1.013158,0.654986,0.026326,0.0,55.087692,55.64581754999999,1.686412898496406,52.272991753007176,59.0186433469928,55.53150613034423,0.603152103208096,-0.001083701973653899
2013-08-26,0.483766,1.170412,-0.109238,-0.728119,-0.728132,0.596131,3.022788,2.763216,1.756402,1.398256,0.92645,-1.0,54.686581,55.64709740000001,1.6856356867025095,52.275826026594984,59.01836877340503,55.45103707031145,0.46567065432164867,-0.007307956121018606
2013-08-27,1.066543,1.735116,-0.143266,-1.966295,-1.966294,1.728752,4.350529,4.775555,3.783833,3.302776,2.962438,-1.0,53.611282,55.63984314999999,1.6944897712406952,52.250863607518596,59.028822692481384,55.27582230171036,0.2668716427516742,-0.019858828402698328
2013-08-28,-0.412828,0.873292,-0.603369,0.254696,0.254698,1.317881,3.312165,4.501962,3.540016,3.02001,2.675985,0.0,53.747829,55.65051055,1.6811573082198608,52.28819593356028,59.01282516643972,55.1302991301189,0.11896879730225152,0.0025437444918638666
2013-08-29,0.60452,1.209033,-0.397709,-0.190535,-0.190529,0.951316,2.685326,4.372676,3.678009,3.156852,2.856077,0.0,53.645424,55.618507750000006,1.7142757883362374,52.18995617332753,59.04705932667248,54.98888245105996,-0.006434330013419753,-0.0019071036247989962
2013-08-30,0.331863,0.363462,-0.363464,0.668148,0.668145,-0.120101,1.330595,3.216395,2.974085,2.408346,2.209231,1.0,54.003853,55.6099737,1.7222488551441475,52.1654759897117,59.05447141028829,54.89507012238758,-0.07601869095859826,0.006659224001131286
2013-09-03,0.747518,0.91533,-0.640741,3.587238,3.587233,-3.130436,-2.395119,-0.568523,-0.438596,-1.046529,-1.251461,1.0,55.941097,55.69574144999999,1.6921351253057693,52.31147119938846,59.08001170061153,54.99469172977924,0.024867940106673814,0.03524390200757694
2013-09-04,-1.523074,0.030765,-1.676923,-0.839059,0.978717,-3.050599,-3.251766,-1.66,-1.183642,-1.812145,-2.141004,1.0,56.488602,55.8199789,1.6521205959619318,52.51573770807614,59.12422009192387,55.1369688983717,0.14730238962953024,0.009739585409696081
2013-09-05,0.030963,0.712293,-0.030976,-0.646151,-0.646145,-1.57347,-2.272244,-1.231927,-0.33466,-0.989053,-1.379697,-1.0,56.123604,55.935780699999995,1.583379733715475,52.769021232569045,59.102540167430945,55.23093414614582,0.2124315066103577,-0.006482410586122966
2013-09-06,0.323424,0.924071,-0.261817,0.54196,0.541941,-1.11785,-2.572118,-1.957867,-0.859757,-1.370882,-1.794309,0.0,56.427761,55.9426191,1.5852887800169086,52.77204153996618,59.11319666003382,55.3449176560367,0.2853009571610201,0.005404781015503146
2013-09-09,-1.447307,0.135679,-1.55284,2.156171,2.156178,-1.941804,-4.184959,-4.026627,-2.962204,-3.211836,-3.706428,1.0,57.644444,55.93689804999999,1.578581542125275,52.77973496574944,59.09406113425054,55.56392016498558,0.4361984473968903,0.02133261367861192
2013-09-10,-0.505645,0.148718,-0.951814,1.371922,1.371928,-2.415227,-4.840168,-5.179195,-4.213216,-4.233578,-4.794329,1.0,58.435284,55.9732792,1.6291155686799386,52.71504806264012,59.23151033735988,55.83738338736791,0.6125390058734581,0.013626018078307855
2013-09-11,-1.004283,0.280613,-1.565496,0.69899,0.698987,-2.292126,-4.611494,-5.51336,-4.76997,-4.569327,-5.166999,1.0,58.843739,56.0369101,1.7172774720329291,52.60235515593414,59.47146504406586,56.12370296952334,0.7763003664363168,0.006965553447390582
2013-09-12,-0.059712,0.417971,-0.223917,-1.06336,-1.06336,-0.522465,-2.818432,-4.032845,-3.719474,-3.240618,-3.879584,-1.0,58.218018,56.05261409999999,1.736577132159218,52.579459835681554,59.52576836431843,56.323161543854454,0.8458416333566703,-0.010690544467770867
2013-09-13,-0.570749,0.045057,-0.976272,-0.612026,-0.612024,0.585757,-1.491312,-3.129154,-3.144247,-2.536197,-3.08166,-1.0,57.86171,56.04239495,1.7246654085410842,52.59306413291783,59.49172576708217,56.46968996824927,0.8622628808486041,-0.006139041246527212
2013-09-16,0.996873,1.041519,-0.104151,0.946226,0.946235,-0.095232,-1.660475,-3.658078,-3.98624,-3.405252,-3.748472,1.0,58.409218,56.08088660000001,1.770173744739903,52.5405391105202,59.62123408947981,56.6544069236541,0.9089780248283432,0.009417866636754235
2013-09-17,-0.311294,0.177888,-0.503996,0.371968,0.371965,-0.400241,-1.566859,-3.567086,-4.216382,-3.700529,-3.854954,0.0,58.62648,56.15456345,1.8461761607453933,52.46221112850921,59.846915771490785,56.84222340711562,0.9525509265238199,0.003712751806223755
2013-09-18,-3.870322,0.214226,-4.341608,3.794838,3.794828,-3.381883,-4.448721,-6.299568,-7.318364,-7.005704,-6.99501,1.0,60.851254,56.3979379,2.122610972454096,52.15271595509181,60.6431598449082,57.22403584453318,1.153308807606905,0.037245955623434183
2013-09-19,1.828287,1.842905,-0.35104,-2.356461,-2.356451,-0.64649,-1.588427,-3.402156,-4.639039,-4.659572,-4.435792,-1.0,59.417324,56.66093095,2.1559919834784655,52.34894698304307,60.97291491695693,57.432920430768114,1.183067047115216,-0.023846593595077084
2013-09-20,0.801545,1.039034,-0.163279,-1.46263,-1.462637,1.062788,0.234524,-1.41004,-2.93312,-3.211447,-2.888774,-1.0,58.548264,56.83097299999999,2.1644345435773826,52.50210391284523,61.15984208715476,57.53914362783782,1.123572937930959,-0.014734393946448432
2013-09-23,0.474215,0.81505,-0.059278,0.163277,0.163284,0.978062,0.241545,-1.04328,-2.788156,-3.300716,-2.996779,0.0,58.643864,57.008781600000006,2.1597513032197675,52.68927899356047,61.32828420643954,57.644355091853264,1.0717827049469335,0.0016315092632474939
2013-09-24,0.777157,0.792106,-0.26902,-0.844693,-0.8447,1.67389,1.04618,0.052805,-1.662333,-2.408454,-2.145141,-1.0,58.148499,57.1818775,2.1017922734846555,52.97829295303069,61.38546204696931,57.69236879739105,0.9794759673674633,-0.008482882917720121
2013-09-25,0.17756,0.503101,-0.325542,1.001342,1.001333,-0.056218,0.025166,-0.684612,-2.201415,-3.188892,-3.049463,1.0,58.730759,57.43785135,1.950337540225731,53.53717626954854,61.338526430451466,57.79126310240142,0.9424418457041526,0.009963526921578394
2013-09-26,0.516297,1.253869,-0.295036,0.310741,0.310757,-0.536955,-0.166694,-0.676605,-2.065996,-3.165905,-3.292702,0.0,58.913269,57.69612334999999,1.7696121738989066,54.15689900220218,61.235347697797806,57.89812080693462,0.9172456324841249,0.00310275242224318
2013-09-27,-0.029792,0.119138,-0.580789,-0.944091,-0.94409,0.345491,0.86969,0.490438,-0.728908,-2.02299,-2.354376,-1.0,58.357075,57.9317059,1.4941592738405385,54.94338735231892,60.92002444768107,57.94183073008371,0.8426833157734563,-0.00948574296823453
2013-09-30,-0.406011,0.601507,-0.586465,-0.967985,-0.967985,1.031577,1.74887,1.489721,0.56917,-0.878129,-1.391128,-1.0,57.792187,58.1211226,1.1763366455835131,55.76844930883297,60.47379589116703,57.92757894626621,0.729600027002725,-0.009727008922114175
2013-10-01,-0.466876,0.286136,-0.737949,-0.150373,-0.150385,1.030126,1.742477,1.558239,0.8735,-0.519591,-1.210706,0.0,57.705276,58.20933155,1.0651511029941834,56.07902934401164,60.339633755988366,57.906407237097994,0.6257544072877366,-0.0015049857225750407
2013-10-02,-1.271691,0.269301,-1.271691,0.662642,0.662653,0.143631,0.596953,0.802916,0.3471,-0.866212,-1.740296,1.0,58.087662,58.289284550000005,0.9862858084476295,56.316712933104746,60.261856166895264,57.92366959546962,0.5677665011601718,0.006604675494588507
2013-10-03,0.438797,0.696031,-0.605226,-1.122083,-1.122082,0.765625,1.393557,1.856058,1.600092,0.515619,-0.434965,-1.0,57.435871,58.354897900000005,0.8716129763915759,56.611671947216855,60.098123852783154,57.87721258637727,0.46386938381053966,-0.011284244851793777
2013-10-04,-1.067507,0.060143,-1.293039,0.635506,0.635495,-0.063146,0.623971,1.205839,1.077286,0.168452,-0.910678,1.0,57.800873,58.42355349999999,0.7585751727631616,56.906403154473665,59.940703845526315,57.86994214957944,0.4062992162709733,0.006334840919022832
2013-10-07,-0.66951,0.928182,-0.715157,-1.187793,-1.187785,0.900786,1.565731,2.27125,2.245889,1.590381,0.398717,-1.0,57.114323,58.39704745,0.7955901826988345,56.80586708460233,59.98822781539767,57.79797842104806,0.30179667228673424,-0.011948953533312346
2013-10-08,0.538458,0.661538,-0.507695,-1.095558,-1.095559,1.587691,2.396922,3.151795,3.206154,2.754461,1.617163,-1.0,56.488602,58.299713350000005,0.9025558591473282,56.49460163170535,60.10482506829466,57.673275904757766,0.16656711591975437,-0.011016042549209584
2013-10-09,-0.214131,0.458861,-0.871825,0.584611,0.58461,0.55063,1.465285,2.079133,2.428118,2.180488,1.214726,1.0,56.81884,58.1984684,0.9506104872691199,56.29724742546176,60.099689374538244,57.5919010566856,0.08506360462459384,0.0058290775829601404
2013-10-10,-1.444694,0.180591,-1.730616,1.636586,1.636587,-0.960119,-0.370201,0.242793,0.738153,0.647708,-0.184131,1.0,57.74873,58.175004,0.9558797697971574,56.26324446040569,60.086763539594315,57.606837146525066,0.0944174507081641,0.01623339694716143
2013-10-11,-1.236042,0.297835,-1.578564,1.053431,1.053434,-1.801943,-1.408794,-0.824033,-0.269552,-0.269255,-0.955536,1.0,58.357075,58.19977225,0.9537500485282622,56.292272152943475,60.10727234705653,57.678288370665534,0.1491989261216915,0.010479244635272039
2013-10-14,-1.418019,0.38405,-1.462331,0.819054,0.819044,-2.014763,-2.032488,-1.608065,-1.043564,-0.998513,-1.48645,1.0,58.835045,58.221063599999994,0.9633762302523299,56.294311139495335,60.14781606050465,57.78845566869739,0.22854727379757378,0.008157078313083328
2013-10-15,-0.191465,0.456549,-0.38292,0.295428,0.295436,-1.449196,-2.100153,-1.800692,-1.302655,-1.251256,-1.603343,0.0,59.008865,58.24018285,0.9755629719708228,56.28905690605835,60.191308793941644,57.90468512882145,0.3019762382296989,0.0029500060895164583
2013-10-16,-0.146476,0.322251,-0.498018,0.544912,0.544903,-1.136655,-2.421259,-2.265504,-1.965713,-1.753614,-1.976944,0.0,59.330406,58.164140450000005,0.8058334739754938,56.55247350204902,59.77580739795099,58.04046806893369,0.3817147233177778,0.005434236472239806
2013-10-17,-1.14195,0.0,-1.199772,1.332947,1.332956,-1.647878,-3.25817,-3.417175,-3.196735,-2.919342,-3.044716,1.0,60.121254,58.19933695000001,0.8757863454052324,56.44776425918955,59.95090964081047,58.23863815760667,0.5029254598019719,0.0132414996224657
2013-10-18,-0.100573,0.158047,-0.589075,0.607109,0.60711,-1.537359,-3.397989,-3.765326,-3.620689,-3.331608,-3.40613,1.0,60.486256,58.29623655,1.0129033501613773,56.27042984967725,60.32204325032276,58.452696999739366,0.6212767609243173,0.006052742724580468
2013-10-21,-0.539922,0.0,-0.880925,1.120688,1.120698,-1.867014,-3.806487,-4.464344,-4.482815,-4.222797,-4.284842,1.0,61.164124,58.42224954999999,1.198240789374344,56.0257679712513,60.81873112874868,58.71092814262133,0.7609970024198986,0.011144642804935236
2013-10-22,0.110515,0.718338,-0.248653,2.855928,2.855914,-3.35129,-5.456553,-6.565362,-6.756456,-6.60975,-6.705343,1.0,62.910919,58.66037055,1.5596730536609662,55.54102444267807,61.779716657321934,59.11092727189549,1.0011375676666319,0.02815893316545065
2013-10-23,0.420231,0.462252,-0.266147,-1.381406,-1.381409,-1.123401,-3.290373,-4.831672,-5.183494,-5.224816,-5.226684,-1.0,62.041862,58.825925700000006,1.733575258954217,55.35877518209157,62.29307621790844,59.39006391266735,1.108546425707047,-0.013910390892775445
2013-10-24,0.319882,0.611953,-0.180814,0.71439,0.714393,-1.068152,-3.218361,-4.968014,-5.570239,-5.700697,-5.671304,1.0,62.485085,59.0045165,1.9172939379367888,55.16992862412642,62.83910437587358,59.68482782574665,1.2154224777249567,0.007118537510433395
2013-10-25,-0.041704,0.152928,-0.458782,0.041722,0.041714,-0.461553,-2.594183,-4.505299,-5.277346,-5.486437,-5.46271,0.0,62.51115,59.212220249999994,2.0629410009760405,55.086338248047916,63.33810225195207,59.95400136615173,1.2873855671666234,0.00041705256766817224
2013-10-28,-0.374474,0.249655,-0.735087,0.236338,0.236348,-0.219142,-2.213592,-4.140546,-5.112344,-5.452982,-5.459546,0.0,62.658894,59.455555600000004,2.1708306626641347,55.113894274671736,63.79721692532827,60.211610188422995,1.340881690607631,0.002360693723383571
2013-10-29,0.139389,0.404239,-0.501814,-0.499307,-0.499318,0.10037,-1.187613,-3.033166,-4.263999,-4.709217,-4.786254,0.0,62.346027,59.68759315,2.221333493495041,55.244926163009914,64.13026013699007,60.41488798000176,1.3425558535245727,-0.005005685388803635
2013-10-30,1.16688,1.405877,-0.660752,-0.850294,-0.850287,0.885703,0.061862,-1.662679,-3.141427,-3.692389,-3.917704,-1.0,61.815907,59.8740054,2.236386617050098,55.401232165899806,64.3467786341002,60.54831836285873,1.2862789628922684,-0.008539223000260495
2013-10-31,1.089259,1.442916,-0.014149,-0.618579,-0.618569,1.171297,0.898276,-0.65074,-2.213196,-2.928855,-3.210271,-1.0,61.433533,60.073888499999995,2.1850646001155067,55.70375929976898,64.44401770023102,60.63262451877695,1.1970261629621959,-0.0062049000272530585
2013-11-01,-0.056371,0.479149,-1.127389,0.381945,0.381925,0.512974,0.706042,-0.67079,-2.271691,-3.083416,-3.40989,0.0,61.668163,60.267253000000004,2.1440610010443377,55.97913099791133,64.55537500208868,60.73124723127439,1.132174354892058,0.0038119748426583204
2013-11-04,-0.027892,0.278858,-0.571672,1.071029,1.071031,-0.658112,-0.174285,-1.349687,-2.889007,-3.819291,-4.236375,1.0,62.328648,60.52796925,2.055696532598716,56.416576184802565,64.63936231519743,60.883380637819684,1.1211505240121298,0.010653358605294488
2013-11-05,0.09698,0.263235,-0.568029,0.641382,0.6414,-1.169309,-0.839579,-1.58309,-3.010539,-4.111952,-4.603315,1.0,62.728424,60.83996035,1.8760347438914586,57.08789086221708,64.59202983778292,61.05909905326543,1.1316279382912526,0.006393518661709885
2013-11-06,-0.384561,0.206017,-0.535641,0.872815,0.872793,-1.562959,-1.502528,-2.018939,-3.3395,-4.613638,-5.189291,1.0,63.275913,61.162814000000004,1.6944241018700013,57.77396579626,64.55166220374001,61.27022419104967,1.1706150299539146,0.008690057158807715
2013-11-07,1.862476,1.974508,-0.112032,-1.922805,-1.922784,0.568531,0.359878,0.110147,-1.097199,-2.44561,-3.161569,-1.0,62.059254,61.378340200000004,1.5003331552792984,58.377673889441404,64.3790065105586,61.34536988714018,1.0907647111146446,-0.019415097083720405
2013-11-08,-0.862793,0.027826,-1.280266,0.63016,0.630145,0.189261,-0.278316,-0.307075,-1.388808,-2.758693,-3.54949,1.0,62.450317,61.5830023,1.3367744231083247,58.90945345378335,64.25655114621665,61.45060294550778,1.0469694617549408,0.006281674296767733
2013-11-11,0.267674,0.43674,-0.352212,-1.224601,-1.224605,1.222886,0.80023,0.985259,0.064813,-1.256686,-2.14332,-1.0,61.685547,61.72552740000001,1.1699151862540662,59.38569702749188,64.06535777250815,61.47297856974514,0.9397183750855973,-0.012321655501494869
2013-11-12,0.142317,0.540778,-0.683074,-1.00029,-1.000278,1.702007,1.609508,1.80447,1.244488,0.040987,-0.971014,-1.0,61.06852,61.82851015,0.9959027776915077,59.83670459461698,63.82031570538302,61.43445870595989,0.795759177551659,-0.010053144661691008
2013-11-13,-1.408047,0.042665,-1.664058,0.056925,0.056925,0.933012,1.435074,1.644147,1.33196,0.264544,-0.862844,0.0,61.103283,61.917154000000004,0.8263075743664824,60.26453885126704,63.569769148732966,61.40291816253514,0.6766752686284718,0.0005690838652546861
2013-11-14,-0.736643,0.509989,-1.175796,0.398234,0.398237,0.300323,1.018556,1.117249,1.029891,0.101431,-1.043584,0.0,61.346619,61.978422249999994,0.7254065048652922,60.52760924026941,63.429235259730575,61.397556337531796,0.5950759295162484,0.0039744632922364504
2013-11-15,-0.308254,0.252207,-0.728604,1.104982,1.10498,-0.933173,-0.028031,-0.040174,0.049733,-0.756067,-1.898096,1.0,62.024487,62.05533379999999,0.634753638981386,60.78582652203722,63.324841077962766,61.457264019671626,0.5784382714708727,0.010989199071278903
2013-11-18,0.746688,1.22569,-0.22542,-0.546448,-0.546462,-0.388836,0.417025,0.403875,0.641735,-0.025917,-1.112044,-1.0,61.685547,62.08140495,0.6062926483921887,60.868819653215624,63.293990246784375,61.47900525589338,0.5317732314470476,-0.005479601567078798
2013-11-19,0.565374,0.664312,-0.367494,-0.324039,-0.324029,0.070671,0.541342,0.636984,0.853003,0.460212,-0.51967,0.0,61.485668,62.01014239999999,0.5871190441555203,60.83590431168895,63.184380488311035,61.479639802951155,0.4732074453150261,-0.0032455501141834286
2013-11-20,1.552923,1.82362,-0.242207,-0.791517,-0.791508,0.834868,0.970214,1.350609,1.572149,1.371124,0.502435,-1.0,60.999004,61.95799949999999,0.6289709121679364,60.70005767566412,63.215941324335866,61.43386496457486,0.3831076932706736,-0.007946570832716176
2013-11-21,0.617994,0.747335,-0.201207,-0.86907,-0.86907,1.428565,1.592401,2.132786,2.295907,2.282829,1.533476,-1.0,60.46888,61.85718925000001,0.6978496063880334,60.461490037223946,63.25288846277608,61.34196163461535,0.2658617257912468,-0.008728683638511975
2013-11-22,-0.014487,0.10139,-0.391083,-0.776086,-0.776088,1.546926,1.978557,2.746228,2.886725,3.050398,2.41888,-1.0,59.999588,61.731611150000006,0.7934106239935729,60.14478990201286,63.31843239798715,61.214116526556744,0.13353618744364582,-0.007791157000787231
2013-11-25,0.043458,0.246267,-0.405619,-0.014487,-0.014495,0.996677,1.710856,2.501333,2.679273,2.98711,2.497952,0.0,59.990891,61.59821099999999,0.851464654622691,59.89528169075461,63.301140309245376,61.097618857360864,0.027646774921244344,-0.00014496150174110757
2013-11-26,-0.306881,0.146133,-0.511469,-0.869186,-0.869179,1.204151,2.333769,3.034727,3.337713,3.658624,3.42247,-1.0,59.469463,61.454382800000005,0.9551372830151661,59.54410823396967,63.364657366030336,60.942556394755066,-0.09722547448999563,-0.00872978011528931
2013-11-27,0.648673,0.914042,-0.147426,-0.876805,-0.876816,1.403515,2.873365,3.456686,4.008554,4.365623,4.315695,-1.0,58.948025,61.310988699999996,1.101992207319025,59.107004285361946,63.514973114638046,60.75260102382601,-0.23554806904877523,-0.008806830461302543
2013-11-29,0.483732,1.070062,-0.117271,0.574965,0.574974,0.425093,1.937847,2.5535,3.232918,3.553205,3.672428,1.0,59.286961,61.2036601,1.190414172334259,58.822831755331485,63.584488444668516,60.613016259652106,-0.314198534084305,0.005733276416417526
2013-12-02,0.493191,0.687489,-0.17935,-1.920254,-1.920257,1.754592,3.267072,4.068147,4.951423,5.280521,5.568171,-1.0,58.148499,61.027676899999996,1.3654279607004842,58.29682097859903,63.75853282140096,60.37830033016143,-0.4630561402051896,-0.01938933379215961
2013-12-03,-0.571007,0.210367,-0.796403,-0.538038,-0.538041,1.559732,3.160034,4.18733,5.13073,5.516454,5.947408,-1.0,57.835636,60.8030263,1.5028169735537094,57.79739235289258,63.80866024710742,60.13614182252701,-0.5993632089300434,-0.005394940589638017
2013-12-04,-0.566749,0.268456,-0.700971,0.751315,0.751322,0.390748,1.838923,3.090226,3.964199,4.449807,4.891864,1.0,58.270168,60.580113499999996,1.5325439943999961,57.5150255112,63.64520148879999,59.95843002990539,-0.6646626250656951,0.007485138792936864
2013-12-05,0.015002,0.570395,-0.49535,-0.641312,-0.641314,0.675472,1.960371,3.386368,4.170666,4.853193,5.330226,-1.0,57.896473,60.3111415,1.5063515255850983,57.2984384488298,63.3238445511702,59.762053169914395,-0.7380590607837689,-0.0064337969288791996
2013-12-06,0.296171,0.444251,-0.340583,1.36595,1.365955,-0.885532,0.282836,1.691099,2.479636,3.253069,3.695143,1.0,58.687313,60.14254445,1.488998706892099,57.16454703621581,63.1205418637842,59.65969696325588,-0.7240655097277298,0.01356710324272495
2013-12-09,-0.787048,0.207911,-0.890998,-0.281361,-0.281374,-0.478156,0.31335,1.579067,2.43319,3.329388,3.760533,0.0,58.522182,59.946137699999994,1.426321620395142,57.09349445920971,62.79878094079028,59.55136220485056,-0.7180232858550255,-0.002817708740312334
2013-12-10,0.404137,0.778333,-0.344254,-0.787048,-0.787035,0.389162,0.776829,1.968767,2.933691,3.85511,4.31971,-1.0,58.061592,59.76493995,1.423908431815064,56.91712308636987,62.61275681363013,59.40947932819813,-0.7418489704464335,-0.007901483723613493
2013-12-11,1.991426,1.991426,-0.030633,-2.290075,-2.290082,2.199757,2.656254,3.800047,4.964006,5.866425,6.434848,-1.0,56.731934,59.54811065,1.5403740909425438,56.467362468114914,62.62885883188508,59.15447501122688,-0.8581312820727973,-0.023167116063909376
2013-12-12,0.453475,0.703676,-0.516031,-2.037374,-2.037368,3.490219,4.184514,5.308309,6.649721,7.513989,8.274166,-1.0,55.576096,59.27175129999999,1.7307306640147229,55.81028997197055,62.733212628029435,58.813677010157654,-1.0316599845484689,-0.02058408131367519
2013-12-13,0.376527,0.611853,-0.062757,-0.32838,-0.328384,2.641978,3.824911,5.044448,6.463757,7.38688,8.267436,0.0,55.393593,58.9741,1.862034171988116,55.250031656023765,62.698168343976235,58.48795472347597,-1.1704173556100486,-0.0032892435076302845
2013-12-16,0.950157,1.479759,-0.015569,0.721674,0.721674,0.928354,2.658883,3.789205,5.142529,6.140192,7.140711,1.0,55.793354,58.66254335000001,1.8460083143871113,54.97052672122578,62.35455997877423,58.23132608314493,-1.233902539711174,0.007190821105387594
2013-12-17,0.45504,0.470734,-0.109838,-0.732083,-0.732078,0.7061,2.973478,4.000205,5.349126,6.467907,7.51294,-1.0,55.384903,58.34751115,1.8405756635848955,54.66635982283021,62.028662477169796,57.96023817046446,-1.3021630624147704,-0.00734771076053912
2013-12-18,-0.633688,0.61824,-1.545589,1.522041,1.522045,-0.982999,1.066458,2.056669,3.302162,4.527355,5.51571,1.0,56.227886,58.08462205000001,1.7415846607037462,54.60145272859251,61.5677913714075,57.79525224946784,-1.2735575566991884,0.015105778417199544
2013-12-19,-0.661132,0.476625,-0.799514,0.525509,0.525503,-1.165438,0.2952,1.237185,2.366234,3.656824,4.565905,0.0,56.523365,57.8608401,1.6314597867577627,54.59792052648447,61.12375967351552,57.67412013047091,-1.2130613849083502,0.005241266483542606
2013-12-20,-0.257612,0.257624,-0.393992,1.460635,1.460635,-1.906347,-1.382027,-0.44552,0.620551,1.885743,2.786787,1.0,57.348965,57.70484435000001,1.5138832986725306,54.677077752654945,60.73261094734507,57.64315297518797,-1.0859802088909376,0.014500703841813867
2013-12-23,0.256379,0.497664,-0.226201,0.484922,0.484924,-1.743326,-2.013271,-0.986277,-0.07088,1.088825,2.011762,0.0,57.627064,57.58621815,1.414283676879997,54.75765079624001,60.414785503759994,57.64162069183673,-0.9518548064967689,0.004837522129597771
2013-12-24,-1.028922,0.059648,-1.133306,1.131051,1.131043,-1.849084,-3.071869,-2.04294,-1.335364,-0.275566,0.676019,1.0,58.278851,57.500616150000006,1.3089671049782345,54.88268194004354,60.11855035995647,57.70230929261418,-0.7839290489914035,0.0112469475017143
2013-12-26,0.419286,0.419286,-0.389341,-0.417535,-0.417544,-0.814604,-2.440837,-1.659166,-1.045209,-0.095223,0.923944,0.0,58.035511,57.42891854999999,1.2324867122433785,54.963945125513234,59.89389197448675,57.73404278855568,-0.6628413580798878,-0.004184184151235452
2013-12-27,0.341188,0.341188,-0.192857,0.943404,0.943422,-1.038435,-2.839352,-2.500135,-2.001197,-1.193899,-0.162697,1.0,58.583031,57.41066885,1.2113297723681709,54.98800930526366,59.83332839473634,57.814898808693236,-0.5167415277864791,0.009389999456392451
2013-12-30,-0.38388,0.310053,-0.472463,0.474706,0.474702,-0.992182,-2.709293,-2.941096,-2.500375,-1.769975,-0.775142,0.0,58.861126,57.389377100000004,1.1799501209475414,55.02947685810492,59.74927734189509,57.914539493579596,-0.37420283991801284,0.004735791492000614
2013-12-31,-1.070375,0.0,-1.070375,0.693923,0.69391,-1.120223,-2.793241,-3.52589,-3.077698,-2.496173,-1.613865,1.0,59.269569,57.44543060000001,1.2428612806338868,54.95970803873224,59.93115316126778,58.04358992276249,-0.2256804623581843,0.006915131204660575
2014-01-02,0.612038,0.910584,-0.164205,-1.774192,-1.774184,0.644874,-0.550825,-1.765433,-1.294218,-0.856839,-0.035323,-1.0,58.218018,57.4645497,1.252086665317091,54.96037636936582,59.96872303063418,58.06020212059464,-0.19062932937133326,-0.017901109512425385
2014-01-03,0.059243,0.355458,-0.325821,0.791161,0.791166,0.074054,-0.913803,-2.315362,-2.034211,-1.688979,-0.97946,1.0,58.678619,57.48497225,1.2691335863653332,54.94670507726933,60.02323942273067,58.119098966252295,-0.12425210176770918,0.007880524119950771
2014-01-06,0.358153,0.358153,-0.761083,-0.755324,-0.755338,0.716315,0.134314,-1.267465,-1.259506,-0.989695,-0.384014,-1.0,58.235397,57.501918450000005,1.2771547757879893,54.94760889842403,60.05622800157598,58.13017496946636,-0.10618791373903491,-0.007582052836321859
2014-01-07,0.784556,0.844896,-0.256485,-1.089394,-1.089384,1.388047,1.280929,0.075438,-0.266294,-0.016292,0.547176,-1.0,57.60099,57.44760229999999,1.2468278097230456,54.9539466805539,59.94125791944609,58.079776400945754,-0.14143290700728528,-0.010953610683383427
2014-01-08,0.698026,0.83459,-0.212443,-0.573321,-0.57332,1.274653,1.802725,0.824478,0.199541,0.498934,0.96813,-1.0,57.270752,57.3850308,1.2212000741201388,54.94263065175973,59.82743094824028,58.00272645799854,-0.19377850678147013,-0.0057496979505787015
2014-01-09,0.646749,0.708346,-0.230984,-1.456753,-1.456752,2.140433,2.981208,2.43917,1.536799,1.885429,2.250792,-1.0,56.436459,57.30377415,1.2278621416406947,54.84804986671861,59.759498433281394,57.85355812866535,-0.2991350022537773,-0.014674671279198168
2014-01-10,-1.003046,0.01519,-1.21581,1.324301,1.324303,0.282668,1.486315,1.211744,0.249233,0.477804,0.781148,1.0,57.183849,57.326369899999996,1.2209235689838343,54.884522762032326,59.768217037967666,57.7897763068877,-0.31864946449271514,0.013156112550396849
2014-01-13,0.490046,1.240426,-0.015317,-0.759878,-0.759886,0.526802,1.940275,2.013271,1.120214,1.166309,1.423686,-1.0,56.749317,57.38503095,1.1590182282145742,55.06699449357085,59.70306740642915,57.690684944326975,-0.36497076152329555,-0.007627877327965186
2014-01-14,0.692848,0.923797,-0.076975,-0.535997,-0.535987,0.658971,2.061583,2.456247,1.758275,1.552578,1.802412,-1.0,56.445148,57.4376087,1.0854397185239724,55.266729262952055,59.60848813704794,57.5720623782006,-0.42136735878061415,-0.0053742863152874965
2014-01-15,-0.862199,0.461898,-1.231709,0.0,0.0,0.366438,1.5612,2.316652,1.816012,1.405388,1.701821,0.0,56.445148,57.470198399999994,1.0424053969467166,55.38538760610656,59.555009193893426,57.464737199324354,-0.46075081977959087,0.0
2014-01-16,-0.478396,0.0,-0.672742,2.986916,2.986919,-1.961433,-1.399318,-0.66777,-0.900739,-1.530878,-1.230883,1.0,58.131119,57.6075092,0.9278397445112563,55.75182971097749,59.463188689022516,57.52820213272203,-0.35186267304341357,0.0294317967534644
2014-01-17,0.566737,0.730795,-0.178975,0.239205,0.239199,-1.822524,-1.704703,-0.877958,-0.961975,-1.66026,-1.466574,0.0,58.270168,57.7096233,0.8791160620718766,55.951391175856244,59.46785542414375,57.598865548653265,-0.2514493880159847,0.0023891327961081776
2014-01-21,0.467569,0.603309,-0.739072,-1.118568,-1.118566,-0.410261,-0.699855,0.131716,0.253384,-0.406042,-0.368033,-1.0,57.618378,57.76437395000001,0.834304634449275,56.09576468110146,59.432983218898556,57.60072387735295,-0.22190713464104306,-0.011248684968851787
2014-01-22,0.060498,0.196608,-0.393227,-0.271493,-0.271498,0.214762,-0.453721,0.241981,0.536143,0.009071,-0.16788,0.0,57.461945,57.77002295,0.831722394484236,56.10657816103153,59.43346773896847,57.587506841414566,-0.20871162405223487,-0.0027186766994445684
2014-01-23,1.90197,1.917436,-0.309258,-2.19299,-2.192992,2.375146,1.588072,2.125671,2.663528,2.280508,1.932897,-1.0,56.201809,57.698760199999995,0.9026502157851772,55.89345976842964,59.50406063157035,57.45553561842271,-0.2965184505247862,-0.022173957619083196
2014-01-24,2.032061,2.095564,-0.079382,-2.597798,-2.597794,3.867279,3.987933,4.426096,5.078579,4.961418,4.449379,-1.0,54.741802,57.52190774999999,1.106495927358693,55.3089158952826,59.73489960471738,57.19708479762055,-0.4784016399203779,-0.026321322668338115
2014-01-27,0.836752,0.963058,-0.836752,0.555641,0.555643,2.121881,3.024943,3.409113,4.226394,4.295544,3.770126,1.0,55.045971,57.37243075,1.2286479202975014,54.915134909405,59.829726590595,56.99221681689478,-0.5911866499605622,0.005541050154052032
2014-01-28,-0.52943,0.046713,-0.809717,1.389329,1.38933,0.074739,1.44503,1.702478,2.549823,2.815316,2.362187,1.0,55.810741,57.23381625,1.2412002011365362,54.751415847726925,59.71621665227307,56.87969531052385,-0.6118065108187167,0.013797669423252116
2014-01-29,-0.157384,0.991497,-0.409194,-1.05886,-1.058866,0.33365,2.308785,2.503413,3.317596,3.76141,3.447173,-1.0,55.21978,57.051748950000004,1.2569012816825489,54.53794638663491,59.5655515133651,56.721608138093,-0.6681317065244627,-0.01064511947234184
2014-01-30,0.093322,0.093322,-0.917717,1.180359,1.180358,-0.955044,1.012603,1.140668,1.808215,2.425262,2.245037,1.0,55.871571,56.88184904999999,1.1678362922649894,54.54617646547001,59.21752163452997,56.64065222017939,-0.6526523731711364,0.011734459492727204
2014-01-31,-1.141517,0.125095,-1.204067,-0.528854,-0.528847,-0.128228,1.089911,1.575186,2.111802,2.775288,2.800099,-1.0,55.576096,56.74975295,1.1581211298575846,54.433510690284834,59.06599520971517,56.53926591349564,-0.6566577117328194,-0.005302501169636414
2014-02-03,1.593372,1.720845,-0.127467,-1.860833,-1.860836,1.580628,2.32314,3.178249,3.668741,4.467817,4.646273,-1.0,54.541916,56.54291780000001,1.164881982964299,54.21315383407141,58.87268176592861,56.34904211221034,-0.7348112081930225,-0.018783673773340965
2014-02-04,-1.27099,0.031382,-1.522049,1.545574,1.545576,-0.119256,0.362464,1.443588,1.833514,2.646787,2.984984,1.0,55.384903,56.400393099999995,1.1204392297301273,54.15951464053974,58.64127155946025,56.25721933961888,-0.7204218369502442,0.015337540610559126
2014-02-05,-1.085592,0.298929,-1.132789,-0.266749,-0.266757,0.154188,0.228134,1.569126,1.891918,2.658908,3.133,0.0,55.23716,56.28220160000001,1.1117693578977625,54.05866288420448,58.505740315795535,56.16007083108374,-0.7127239439600288,-0.002671132391462978
2014-02-06,-1.572383,0.246641,-1.68029,2.061048,2.061051,-1.689535,-1.76507,-0.490212,-0.245107,0.38045,0.976308,1.0,56.375626,56.23744529999999,1.0876344368309045,54.06217642633818,58.4127141736618,56.180599894790056,-0.6077528204610303,0.020400986774878338
2014-02-07,-0.990102,0.137085,-1.614632,1.202403,1.202406,-2.339683,-2.52704,-1.798429,-1.37624,-0.893835,-0.295003,1.0,57.05349,56.26829684999999,1.1022300560392961,54.0638367379214,58.472756962078584,56.26373228576244,-0.46450990808476433,0.011952346871369134
2014-02-10,-0.045898,0.336599,-0.305993,-0.441738,-0.441743,-1.110768,-1.785492,-1.535084,-0.972304,-0.586288,0.074972,0.0,56.80146,56.24917740000001,1.0887469129830831,54.07168357403384,58.426671225966174,56.31494444902316,-0.3670939521422767,-0.004427219223310623
2014-02-11,-1.978581,0.282658,-1.978581,2.845777,2.845786,-2.808692,-4.056833,-4.168407,-3.569626,-3.32461,-2.703566,1.0,58.417908,56.33260695,1.188454767859193,53.955697414281616,58.70951648571838,56.51522669197333,-0.15764008407176533,0.02806045704207614
2014-02-12,0.280848,0.443452,-0.310421,0.639692,0.639686,-2.217294,-4.059128,-4.626755,-3.983,-3.858093,-3.325944,1.0,58.791599,56.44992950000001,1.3097760911287095,53.83037731774259,59.06948168225743,56.73202405464254,0.03806852577346831,0.006376483883251945
2014-02-13,-0.887441,0.251439,-1.064934,-0.059129,-0.059122,-1.348916,-3.511319,-4.280436,-3.729482,-3.700049,-3.297841,0.0,58.75684,56.56551410000001,1.4076739299111833,53.75016624017764,59.380861959822376,56.924863668486104,0.18819485513058254,-0.0005913987681808316
2014-02-14,-0.175648,0.483024,-0.190278,1.050139,1.050123,-1.592495,-3.874404,-4.755063,-4.625281,-4.502916,-4.237889,1.0,59.373859,56.627651099999994,1.5045166071944185,53.61861788561116,59.63668431438883,57.15810131910647,0.3528914168191406,0.010446473548797228
2014-02-18,0.142184,0.213282,-1.03797,2.94204,2.942042,-2.991606,-5.54528,-6.814535,-7.117866,-6.974542,-6.84155,1.0,61.120663,56.77017585,1.7783916785540703,53.21339249289186,60.32695920710814,57.53548814585823,0.617251817950411,0.02899594698446595
2014-02-19,0.100402,1.649458,-0.129094,-0.867341,-0.867335,-1.425703,-3.859723,-5.47332,-6.059952,-5.907054,-5.896919,-1.0,60.590542,56.91878405,1.9671636671709694,52.98445671565806,60.853111384341936,57.826445655776496,0.7750487268942834,-0.008711184025108934
2014-02-20,-0.821638,0.113333,-0.991638,1.247841,1.247847,-1.807621,-4.048729,-5.972514,-6.901116,-6.747127,-6.853186,1.0,61.346619,57.11301775,2.2014479552980797,52.71012183940384,61.515913660596155,58.16170025998826,0.950160154392826,0.012401251326446046
2014-02-21,0.283121,0.693655,-0.042466,0.070836,0.070838,-1.01926,-3.299834,-5.439792,-6.544453,-6.490942,-6.695453,0.0,61.390076,57.37243110000001,2.3863439230501324,52.599743253899746,62.14511894610027,58.46916461617985,1.0799943365709694,0.0007081338114241595
2014-02-24,-0.720138,0.621296,-0.833094,0.254815,0.254805,-0.56481,-2.815585,-5.033414,-6.229168,-6.506632,-6.655836,0.0,61.546501,57.71266605000001,2.474986046816346,52.762693956367315,62.662638143632705,58.762244271781775,1.1818869939860903,0.002544809498284199
2014-02-25,1.27947,1.423239,-0.215633,-1.779161,-1.779157,1.014953,-0.451407,-2.661488,-4.083522,-4.668772,-4.784834,-1.0,60.451492,57.9829421,2.4635712731232386,53.05579955375352,62.91008464624648,58.923125007802554,1.160897480633409,-0.017951744612344347
2014-02-26,0.680657,0.767558,-0.260681,-0.733173,-0.733173,1.566976,0.548872,-1.42892,-3.025348,-3.805362,-3.900558,-1.0,60.008278,58.19281895,2.44752342048976,53.297772109020485,63.08786579097952,59.02647291182136,1.0958670017316479,-0.00735873893897922
2014-02-27,-0.504976,0.346278,-0.605972,0.376531,0.376535,0.816621,0.411195,-1.245611,-2.972875,-3.982109,-4.051362,0.0,60.23423,58.44354145,2.382924011198622,53.677693427602755,63.20938947239724,59.1414973964098,1.0504533444526984,0.003758275999324078
2014-02-28,0.145135,1.103051,-0.188686,-0.591539,-0.591551,0.91147,1.195939,-0.268016,-2.060953,-3.165161,-3.289302,-1.0,59.877914,58.6438586,2.3229752182178305,53.99790816356434,63.28980903643566,59.21163231103744,0.9744777970751386,-0.005933072766283178
2014-03-03,0.294113,0.89706,-0.132347,-1.306244,-1.306235,1.417645,2.488233,1.282351,-0.466913,-1.588824,-1.954902,-1.0,59.095768,58.819842200000004,2.2088543542929506,54.402133491414105,63.2375509085859,59.20059761474816,0.8414542223824668,-0.013148408202174246
2014-03-04,0.102071,0.597836,-0.452034,0.852944,0.852939,0.274133,1.366288,0.738797,-0.884368,-2.115485,-2.709729,1.0,59.599819,59.07273734999999,1.9699092379455445,55.1329188741089,63.01255582589108,59.23861869905786,0.7678534476530814,0.008493222750832401
2014-03-05,-0.251823,0.533256,-0.414752,-1.560222,0.163207,0.00649,1.051456,0.717505,-0.684696,-2.014574,-2.752185,0.0,59.69709,59.2883467,1.7709683927087396,55.74640991458252,62.830283485417475,59.282282632480914,0.7091980663391269,0.0016307383380089325
2014-03-06,-0.14684,0.55801,-0.234943,0.873939,0.87394,-0.865058,-0.011308,0.002922,-1.131504,-2.531432,-3.442107,1.0,60.218807,59.53742905,1.5009304879146532,56.53556807417069,62.53929002582931,59.371475429387495,0.6967794164055334,0.008701436671282016
2014-03-07,1.529012,1.529012,-0.629588,-2.041115,-2.041112,0.899408,1.665178,2.112937,1.150129,-0.289103,-1.272654,-1.0,58.989674,59.66813145,1.3131807303758485,57.0417699892483,62.29449291075169,59.33511338849345,0.581058703022741,-0.020622300523918332
2014-03-10,0.631443,0.631443,-0.523647,-2.668264,-2.668274,3.080246,3.732789,4.684914,3.954621,2.572552,1.589114,-1.0,57.415668,59.686240350000006,1.277232040458916,57.131776269082174,62.24070443091784,59.15230906577978,0.3582108426456543,-0.027045183888578402
2014-03-11,1.879106,2.489815,-0.062639,-1.647927,-1.647925,3.698717,4.765712,5.889842,5.667026,4.427733,3.375306,-1.0,56.469501,59.6696424,1.3181936715291465,57.033255056941705,62.306029743058296,58.896803535705516,0.10405505639413803,-0.016616540655413015
2014-03-12,-0.745232,0.186299,-0.947066,0.861264,0.86127,1.850635,3.335174,4.560193,4.636369,3.646336,2.559586,1.0,56.955856,59.5965398,1.4272899305599154,56.74195993888017,62.45111966111983,58.71195138944785,-0.057458110115099714,0.008575824552795472
2014-03-13,1.753021,2.032265,-0.387837,0.07762,0.077627,0.642253,2.687624,3.970721,4.398055,3.689653,2.584145,0.0,57.000069,59.506963299999995,1.532786013636262,56.44139127272747,62.57253532727252,58.548914971405196,-0.17981800854695962,0.0007759667120157054
2014-03-14,0.326898,1.042973,-0.295758,-0.341298,-0.341308,0.217937,2.498445,3.788757,4.58384,4.075038,2.990276,0.0,56.805523,59.40939744999999,1.641307872846927,56.12678170430614,62.692013195693846,58.38287764079518,-0.28915415679360024,-0.0034189214446398745
2014-03-17,-0.138128,0.552475,-0.322294,1.432139,1.432139,-1.12646,0.794962,1.868929,2.954926,2.644846,1.654325,1.0,57.619057,59.32165735000001,1.6895036421267964,55.94265006574642,62.7006646342536,58.3101328178623,-0.3066238779920383,0.014219806761774305
2014-03-18,-0.320169,0.289683,-0.396393,0.659902,0.659908,-1.247138,-0.141789,0.919229,2.010884,2.054535,1.1866,1.0,57.99929,59.1655887,1.6584570220823733,55.848674655835254,62.48250274416475,58.280528739970656,-0.2864847150792258,0.0065774054149148635
2014-03-19,1.420094,1.638569,-0.265296,-2.302171,-2.302178,0.976904,1.676029,2.90386,4.068225,4.335568,3.646235,-1.0,56.664043,58.96926375,1.7124233897569985,55.544416970486004,62.394110529514,58.126577717116305,-0.37395681575917195,-0.023290921781908745
2014-03-20,-0.638828,0.62325,-0.997194,0.156052,0.156051,0.732317,0.906827,2.334527,3.501325,4.029284,3.573747,0.0,56.752468,58.7395562,1.6846448585903933,55.37026648281922,62.10884591718079,57.99571012500999,-0.4311736260838117,0.0015592970924036954
2014-03-21,0.077225,0.555986,-0.324323,0.888127,0.888123,0.003094,-0.284164,1.128446,2.229227,3.008693,2.713264,1.0,57.2565,58.5328774,1.5934473658459036,55.34598266830819,61.719772131691805,57.92530916072333,-0.4308802709127022,0.008842028704724638
2014-03-24,0.445333,0.522107,-0.936734,0.571433,0.571441,-0.577402,-0.821565,0.378782,1.304275,2.299051,2.160345,1.0,57.583687,58.33473669999999,1.4377661057083144,55.45920448858337,61.21026891141662,57.89277371684492,-0.3996397302981549,0.005698142676850672
2014-03-25,-1.196535,0.0,-1.196535,2.671987,2.671984,-2.784924,-2.953933,-2.287367,-1.444524,-0.498429,-0.367473,1.0,59.122314,58.2682778,1.3635778289285114,55.541122142142974,60.995433457857025,58.00987279143112,-0.24786974855971522,0.026369100820432152
2014-03-26,1.462168,1.552618,-0.31655,-0.777752,-0.777755,-1.341566,-1.902311,-1.639021,-0.786702,0.150049,0.427395,-1.0,58.662487,58.20098825,1.3051474597459152,55.590693330508174,60.81128316949183,58.07202652558054,-0.16281827285511952,-0.007807957090821847
2014-03-27,-0.270108,0.690275,-0.450185,0.45222,0.452229,-1.047423,-2.01681,-2.227894,-1.344206,-0.465011,-0.017019,0.0,58.927776,58.13566555,1.2284692070095844,55.67872713598083,60.59260396401917,58.15352647552525,-0.0731643671281077,0.004512098932639646
2014-03-28,-0.074155,0.593211,-0.222454,1.185476,1.18547,-1.411834,-2.691679,-3.302189,-2.521133,-1.749463,-1.139792,1.0,59.626347,58.1230872,1.2108529504556669,55.701381299088666,60.544793100911335,58.29379509690379,0.05363754040306645,0.011784981701793646
2014-03-31,-0.162303,0.30988,-0.604982,0.504222,0.504239,-1.124401,-2.794757,-3.507953,-2.940839,-2.350492,-1.605015,0.0,59.927006,58.1646491,1.2592938654698353,55.64606136906033,60.68323683093967,58.449338992436765,0.17635670396278158,0.005029714789175035
2014-04-01,-0.520534,0.086751,-0.867562,2.051065,2.051045,-2.446501,-4.232216,-4.936379,-4.764315,-4.266986,-3.580646,1.0,61.156136,58.24246495,1.393571233111652,55.4553224837767,61.0296074162233,58.70712918363326,0.368544690182361,0.020302945579470533
2014-04-02,-0.343738,0.100256,-0.501288,0.954303,0.954308,-2.371811,-4.315382,-5.318437,-5.499141,-5.059759,-4.43004,1.0,61.739754,58.34459815,1.5695330801779999,55.205531989644,61.483664310356005,58.99595059471581,0.5614758054235409,0.009497834098209595
2014-04-03,-0.215582,0.186831,-0.948554,-0.343738,-0.343744,-1.189993,-3.209252,-4.50129,-5.066826,-4.648202,-4.090589,0.0,61.527527,58.41003415,1.6754887355243655,55.05905667895127,61.76101162104873,59.23705310950478,0.6893042882430009,-0.003443366446833425
2014-04-04,0.715308,1.545066,-0.028619,0.459902,0.459914,-0.935628,-2.915601,-4.398672,-5.273255,-4.959666,-4.506998,0.0,61.810501,58.5510755,1.8377235166390542,54.87562846672189,62.226522533278114,59.48214338479004,0.8041729139477809,0.004588600954563455
2014-04-07,-0.485166,0.442347,-0.756277,0.257511,0.25751,-0.530827,-2.457198,-4.176186,-5.149121,-5.018272,-4.729508,0.0,61.969669,58.77877555,1.9672049610971798,54.84436562780564,62.71318547219436,59.71905058623861,0.897702499170073,0.0025717865426947628
2014-04-08,-1.804197,0.419585,-1.818186,2.026253,2.026251,-1.851748,-3.745456,-5.528207,-6.498603,-6.675247,-6.475348,1.0,63.22533,59.116566999999996,2.1236146949062875,54.86933761018742,63.36379638981257,60.05298195897779,1.0609171257781895,0.020059956331160526
2014-04-09,-0.621554,0.0,-1.298347,1.258744,1.25875,-2.359122,-4.10498,-5.936473,-7.109125,-7.565203,-7.42902,1.0,64.021179,59.46983315,2.3235143013878434,54.822804547224315,64.11686175277569,60.43090548669419,1.2401881394936254,0.01250893849536758
2014-04-10,0.97831,1.09174,-0.127601,-2.582877,-2.582875,0.499077,-1.010922,-2.842296,-4.215944,-4.976613,-4.860612,-1.0,62.367592,59.738209299999994,2.333197621795309,55.07181405640937,64.40460454359061,60.615351821294745,1.2345993651738851,-0.02616816900466841
2014-04-11,-0.241476,0.397724,-0.553977,-0.184314,-0.18432,0.826704,-0.406253,-2.127846,-3.601568,-4.591483,-4.557773,0.0,62.252636,60.01056495,2.290375197928118,55.42981455414377,64.59131534585624,60.7712836478381,1.2069809081977496,-0.001844901657633704
2014-04-14,-0.533404,0.280747,-0.715883,1.193176,1.193169,-0.036486,-1.093478,-2.709145,-4.311476,-5.36215,-5.476786,1.0,62.995415,60.279382850000005,2.3103350255714736,55.65871279885706,64.90005290114296,60.98310568137733,1.2308407734364124,0.011861066135521247
2014-04-15,0.356786,0.399598,-1.270158,-1.642333,-1.642335,1.224498,0.687891,-0.779214,-2.394029,-3.427424,-3.771461,-1.0,61.960819,60.4774593,2.2740993497516664,55.92926060049667,65.02565799950334,61.07622123553187,1.1529758499232727,-0.016559712298722017
2014-04-16,-0.253415,0.084467,-0.830631,1.370057,1.370066,-0.529354,-0.502604,-1.680041,-3.223991,-4.359849,-4.906848,1.0,62.809723,60.78474329999999,2.143139238966865,56.49846482206626,65.07102177793372,61.24131664167169,1.1465500796503179,0.013607652664186745
2014-04-17,-0.295151,0.449753,-0.576253,0.168947,0.168939,-0.522838,-0.449749,-1.42328,-2.897397,-4.145043,-4.924336,0.0,62.915833,61.09291155,1.9688470572591816,57.15521743548163,65.03060566451836,61.40079439008391,1.1369141618621015,0.0016879627113236008
2014-04-21,0.564576,0.663376,-0.409315,-0.42165,-0.421639,0.025401,0.105857,-0.684075,-2.055753,-3.365987,-4.326984,0.0,62.650555,61.362614300000004,1.775627747140473,57.81135880571906,64.91386979428096,61.519819210075916,1.0952465891008245,-0.004225309000246944
2014-04-22,0.37905,0.477323,-0.252703,0.536351,0.536354,-0.511031,-0.266751,-0.890084,-2.149386,-3.540654,-4.542573,0.0,62.986584,61.632759150000005,1.5694726784578945,58.493813793084215,64.7717045069158,61.65951109483059,1.0769253444690463,0.005349211291137238
2014-04-23,-0.056259,0.253166,-0.942332,-0.182514,-0.182521,-0.039377,-0.140643,-0.526953,-1.67229,-3.054287,-4.028596,0.0,62.87162,61.82022445,1.4748991376845961,58.87042617463081,64.77002272536919,61.774950038180066,1.0411275220997709,-0.0018268818133514023
2014-04-24,0.408452,0.507044,-0.507044,-0.140644,-0.140649,0.092962,-0.197179,-0.276051,-1.205629,-2.527884,-3.584034,0.0,62.783192,62.026259700000004,1.2863291727949149,59.453601354410175,64.59891804558984,61.87097308216292,0.9941620085956444,-0.0014074751804632737
2014-04-25,0.183741,0.551235,-0.33922,-0.352113,-0.352104,0.333566,0.186568,0.18657,-0.566081,-1.812019,-2.947001,0.0,62.56213,62.207977400000004,1.0628744879180065,60.08222842416399,64.33372637583602,61.936797550528354,0.9284016090286329,-0.0035272513671507685
2014-04-28,0.228664,0.300127,-0.943266,-1.102472,-1.102493,1.200528,1.241974,1.310101,0.723897,-0.419022,-1.592097,-1.0,61.872387,62.320279400000004,0.878393029600385,60.56349334079923,64.07706545920077,61.9306632123828,0.8112776195213982,-0.011086153277937254
2014-04-29,-0.525796,0.298421,-0.54001,0.571676,0.571677,0.38085,0.542854,0.761699,0.336092,-0.686645,-1.904684,1.0,62.226097,62.43523395,0.6757737771803924,61.08368639563921,63.78678150436078,61.95879976358443,0.7384846634171964,0.005700487974265418
2014-04-30,-0.099234,0.226816,-0.32606,0.241577,0.24158,-0.019843,0.367176,0.428136,0.1921,-0.717313,-1.907182,0.0,62.376423,62.496248300000005,0.605659531967367,61.284929236065274,63.707567363934736,61.998573405147816,0.6850291831256712,0.0024128897703451805
2014-05-01,0.345769,0.576277,-0.475439,-1.601924,-1.601929,1.149694,1.767765,1.775931,1.793701,1.075937,-0.054256,-1.0,61.377197,62.47812044999999,0.6342449183159458,61.2096306133681,63.746610286631885,61.939394699895644,0.5556311722633538,-0.01614898563068701
2014-05-02,-0.314782,0.701099,-0.486473,0.691536,0.691537,0.208904,0.888552,1.015896,1.116772,0.567766,-0.468339,1.0,61.801643,62.491826249999995,0.6153006353716007,61.261224979256795,63.722427520743196,61.92627549038178,0.4817779253226391,0.006891568062744304
2014-05-05,-0.329517,0.171913,-0.888256,-0.128768,-0.128746,0.28938,0.86818,1.088811,1.23996,0.833227,-0.098865,0.0,61.722076,62.487405,0.6207475530588085,61.245909893882384,63.72890010611762,61.90682791986923,0.412078123014993,-0.001288287167012388
2014-05-06,-0.808625,0.482344,-0.865372,0.988531,0.988531,-0.658258,-0.224153,0.028367,0.27805,0.000564,-0.822815,1.0,62.332218,62.50553245,0.6100337919175338,61.28546486616493,63.725600033835065,61.947341260834065,0.40144626510426207,0.009836772274510635
2014-05-07,-0.910512,0.270312,-0.995881,-0.283724,-0.283744,-0.446714,-0.055478,0.333865,0.47732,0.349421,-0.377946,0.0,62.155354,62.45203365,0.5901809410401649,61.27167176791967,63.632395532080324,61.96715199789749,0.37443276656903635,-0.0028414743119839197
2014-05-08,0.284867,0.384566,-0.156674,-0.113817,-0.113805,-0.105398,-0.054126,0.370318,0.435837,0.485973,-0.080707,0.0,62.084618,62.3552056,0.46471389190590473,61.42577781618819,63.28463338381181,61.978339236192966,0.34335854673010147,-0.0011386996713625979
2014-05-09,0.978276,1.007045,-0.503522,-0.997005,-0.997002,0.79125,0.77398,1.223798,1.373897,1.493882,1.063153,-1.0,61.465633,62.31010765,0.5054300155187345,61.29924761896253,63.320967681037466,61.92951007084125,0.2657220092867192,-0.010020055384758196
2014-05-12,-0.254381,0.339172,-0.353307,1.798302,1.798293,-0.717917,-0.894572,-0.572826,-0.391461,-0.250419,-0.565286,1.0,62.570965,62.3260241,0.5085276688658894,61.30896876226822,63.343079437731774,61.99060101647542,0.2900421237195516,0.017823147007727892
2014-05-13,-0.363996,0.251996,-0.601988,0.94686,0.946856,-1.385966,-1.67576,-1.486763,-1.312465,-1.110447,-1.327162,1.0,63.163422,62.33442445000001,0.5213922232254956,61.29164000354901,63.377208896451,62.10229825300157,0.3530525481473248,0.009424015162547485
2014-05-14,-0.013897,0.597473,-0.097261,0.755986,0.756001,-1.659031,-2.214819,-2.145346,-1.920945,-1.826321,-1.937386,1.0,63.640938,62.4184304,0.5889957461072497,61.240438907785496,63.5964218922145,62.24883537176333,0.4364887433753921,0.007531574738291323
2014-05-15,0.545224,0.71299,-0.391443,-0.611369,-0.611361,-0.685036,-1.31694,-1.494024,-1.282689,-1.271085,-1.254494,-1.0,63.251862,62.440537350000014,0.6122919744702996,61.215953401059416,63.66512129894061,62.34436171730968,0.4658473493987998,-0.006132376609231705
2014-05-16,0.084743,0.254237,-0.423733,-1.020545,-1.020549,0.70338,-0.170914,-0.473649,-0.28956,-0.237865,-0.178918,-1.0,62.606346,62.425063,0.6034953111648613,61.21807237767028,63.63205362232972,62.36931260137543,0.4320461507060429,-0.010257919139503266
2014-05-19,0.042856,0.371431,-0.38571,-1.129948,-1.129956,1.637146,0.998573,0.666666,0.789286,0.879429,0.966668,-1.0,61.898922,62.387481349999995,0.6120567277993308,61.16336789440133,63.611594805598656,62.32451349648253,0.34420744346008547,-0.011363882416872416
2014-05-20,1.241599,1.504527,-0.04382,-2.200001,-2.200009,3.055813,2.974009,2.745164,2.85423,2.986279,3.159033,-1.0,60.53714,62.26500914999999,0.721201689202788,60.82260577159441,63.70741252840557,62.154287449198485,0.1628331691966025,-0.022245703368690285
2014-05-21,0.188374,0.188374,-0.565134,0.803393,0.803418,1.376599,1.967814,1.778468,1.883041,2.104024,2.216569,1.0,61.023506,62.17260345,0.7569009785038842,60.658801492992225,63.68640540700777,62.04659397784624,0.05767359626429425,0.008002073225143382
2014-05-22,-0.100315,0.24362,-0.214964,1.115776,1.115763,-0.24362,0.781027,0.690742,0.671393,0.905702,0.963503,1.0,61.704384,62.118663049999995,0.7495016756719672,60.61965969865606,63.61766640134393,62.01400255138469,0.028941422641949544,0.011095847662191927
2014-05-23,-0.514655,0.285926,-0.643312,0.24362,0.24361,-0.729082,0.599011,0.451764,0.369559,0.591862,0.690504,0.0,61.854702,62.08329165,0.7441452976501673,60.595001054699665,63.571582245300334,61.99883107030043,0.018091823107155847,0.00243313671256527
2014-05-27,-0.014259,0.199753,-0.370943,0.200142,0.200156,-0.9017,0.302468,0.278688,0.177626,0.347551,0.474625,0.0,61.978508,62.0885977,0.742939680730185,60.60271833853963,63.57447706146037,61.99689553979563,0.01926151209718796,0.0019995612041479815
2014-05-28,0.130146,0.274756,-0.188004,-1.341124,-1.341128,0.644971,1.336222,1.512647,1.451185,1.591315,1.739689,-1.0,61.147297,62.034657700000004,0.7710614178959296,60.492534864208146,63.57678053579186,61.91598139314843,-0.046348999515714695,-0.013502021412318418
2014-05-29,-0.629564,0.243238,-0.672487,1.070133,1.070114,-0.168824,-0.034323,0.399692,0.330534,0.44643,0.6539,1.0,61.801643,62.005918699999995,0.7683595725172169,60.46919955496556,63.54263784503443,61.905092022372386,-0.04502651146866299,0.010644291494607062
2014-05-30,0.412503,0.589278,-0.427226,-2.875951,-2.87594,2.227463,2.388045,3.143791,3.188722,3.236894,3.479677,-1.0,60.024265,61.938272100000006,0.8783145157132562,60.18164306857349,63.69490113142652,61.725965639289306,-0.18526239107318077,-0.029181052736379404
2014-06-02,-0.161386,0.366784,-0.322773,0.412503,0.412502,1.282273,1.580103,2.588026,2.637909,2.660794,2.90835,0.0,60.271866,61.86178325000001,0.9541742717742816,59.953434706451446,63.77013179354857,61.58747995935699,-0.2732709076741813,0.004116530558246301
2014-06-03,-0.311017,0.177728,-0.755324,-0.938977,-0.938967,1.481038,2.175649,3.24052,3.441941,3.488741,3.719389,-1.0,59.705933,61.76097610000001,1.0692706031462897,59.62243489370743,63.89951730629259,61.4082850108468,-0.3842549032142841,-0.009434031997460676
2014-06-04,0.476616,0.595773,-0.104258,-0.562793,-0.562802,1.456657,2.557346,3.398873,3.77793,3.88204,4.103369,-1.0,59.369907,61.61286055000001,1.1848957902641206,59.243068969471764,63.98265213052825,61.21415377171853,-0.4936346956948299,-0.0056439138615176155
2014-06-05,-0.620564,0.265959,-0.842197,0.804291,0.804281,-0.005902,1.542562,2.151312,2.757104,2.884172,3.104325,1.0,59.847408,61.497463249999996,1.240368694507911,59.016725860984174,63.97820063901582,61.083987507745334,-0.5356143998240981,0.008010640961818938
2014-06-06,0.0,0.338489,-0.412066,0.398932,0.39894,-0.38263,0.869761,1.39417,2.182495,2.389412,2.545015,0.0,60.086163,61.397540500000005,1.2707043642227738,58.85613177155446,63.93894922844555,60.98895660224578,-0.5433546306966122,0.003981459292921831
2014-06-09,0.014689,0.323105,-0.058736,0.206032,0.206041,-0.608022,0.389189,0.92035,1.868116,2.07314,2.203945,0.0,60.209965,61.334757100000004,1.297892338353429,58.73897242329315,63.93054177670686,60.91476692584142,-0.5333508955603037,0.0020582880890026877
2014-06-10,-0.353354,0.117789,-0.618372,-0.249667,-0.249683,-0.241454,0.320976,0.968799,1.91403,2.217917,2.359161,0.0,60.059631,61.2091904,1.293472734704915,58.62224493059017,63.796135869409824,60.83332540909462,-0.5314275942932625,-0.002499951497233064
2014-06-11,-0.191974,0.251031,-0.28057,-0.29446,-0.294442,0.224441,0.406072,1.194124,1.941073,2.356164,2.531001,0.0,59.88279,61.0451588,1.2394937878400152,58.56617122431997,63.52414637568003,60.74279822727608,-0.5379715537644643,-0.0029487670277952927
2014-06-12,0.585936,0.94652,-0.150239,-1.71294,-1.712948,1.634616,1.655651,2.712342,3.311303,3.91587,4.118594,-1.0,58.857029,60.80596335,1.1719552994050353,58.46205275118993,63.14987394881007,60.563201158011694,-0.6187949458998574,-0.017277885826049024
2014-06-13,-0.269543,0.10482,-0.554051,0.33053,0.330533,0.949384,1.156032,2.074471,2.615303,3.368074,3.644305,0.0,59.051571,60.595948799999995,1.083596723871118,58.42875535225776,62.76314224774223,60.419236381058205,-0.6595473021780123,0.003299881035549841
2014-06-16,0.566821,0.730904,-0.134254,0.389341,0.389334,0.244631,0.59666,1.389222,1.936906,2.819813,3.100641,0.0,59.281479,60.42970545000001,1.0115868790813165,58.40653169183737,62.45287920816264,60.31087853524314,-0.6656193385534692,0.0038857832074406613
2014-06-17,-0.602582,0.075328,-1.265435,-0.984493,-0.984493,0.777351,1.425134,2.024713,2.677773,3.578196,3.954012,-1.0,58.697857,60.269652199999996,1.0200932153206823,58.22946576935863,62.30983863064136,60.15725743664855,-0.7093479671832057,-0.009893711567782156
2014-06-18,-1.806606,0.222125,-1.821407,1.732453,1.732462,-0.995119,-0.244342,0.127345,0.860355,1.583294,2.03761,1.0,59.714775,60.228533950000006,1.0253045238313672,58.177924902337274,62.27914299766274,60.11511625220583,-0.6544028874237711,0.017176258714247574
2014-06-19,0.043794,0.496345,-0.496345,1.4364,1.436398,-1.830661,-1.537231,-1.425795,-0.605114,-0.057812,0.505594,1.0,60.572517,60.2059845,1.0117705218730066,58.182443456253985,62.229525543746014,60.15867822818623,-0.5354733020005895,0.014261798139041968
2014-06-20,0.05886,0.603302,-0.191285,-0.788323,-0.788318,-0.703361,-0.753391,-0.634694,0.050758,0.526186,1.193834,-1.0,60.095013,60.12551595,0.948337105595129,58.22884173880974,62.02219016119026,60.15261487312088,-0.4742840792103422,-0.00791441562593816
2014-06-23,-0.288773,0.25989,-0.591978,1.912894,1.912896,-1.926084,-2.447311,-2.39389,-1.876997,-1.449622,-0.717597,1.0,61.244568,60.09500925,0.8982761845633236,58.29845688087335,61.89156161912664,60.25661040901413,-0.3292364650104531,0.01894830004885802
2014-06-24,0.970012,1.190472,-0.117581,-1.76148,-1.761488,0.320403,-0.680482,-0.592791,-0.268227,0.202233,0.929355,-1.0,60.165752,60.004371449999994,0.7821776198526407,58.440016210294715,61.56872668970527,60.247957227203266,-0.2979025853380648,-0.017771873004535595
2014-06-25,-0.308777,0.235254,-0.426409,-0.04409,-0.044077,0.505799,-0.594044,-0.463673,-0.30806,0.219952,0.806239,0.0,60.139233,59.95396825,0.7357536030775141,58.48246104384497,61.425475456155034,60.23760253889819,-0.2720738239384559,-0.0004408628691408261
2014-06-26,-0.597401,0.160281,-0.888824,0.911623,0.911618,-0.364268,-1.190442,-1.270584,-1.300455,-0.707566,-0.266649,1.0,60.687473,59.89825975,0.6218559835570916,58.65454778288582,61.14197171711418,60.28044734471741,-0.2050028134522961,0.009074877245218127
2014-06-27,-0.5516,0.01452,-0.609665,0.378846,0.378846,-0.470314,-1.257079,-1.552237,-1.599657,-1.133988,-0.770799,0.0,60.917385,59.94291575,0.662143576689391,58.618628596621214,61.26720290337878,60.34110807379194,-0.13177752816025645,0.0037813008086338496
2014-06-30,-0.701236,0.087663,-0.891163,-0.638702,-0.638714,-0.06719,-0.416351,-0.884334,-0.945937,-0.586113,-0.247374,-1.0,60.528297,59.955737299999996,0.6712683714964257,58.61320055700715,61.298274042992844,60.358935590573665,-0.10394391115754331,-0.006407627259296645
2014-07-01,-0.433519,0.43353,-0.47687,1.09569,1.095699,-0.815026,-1.088146,-1.835258,-1.898121,-1.715029,-1.367052,1.0,61.191505,60.0300159,0.7224154190726134,58.58518506185477,61.47484673814523,60.43822791528093,-0.028046918791801545,0.010897397995509156
2014-07-02,-0.911809,0.455905,-0.940309,1.430643,1.43063,-1.592815,-2.10428,-2.985224,-3.064534,-3.042024,-2.676064,1.0,62.066929,60.164866999999994,0.8355701347057466,58.4937267305885,61.83600726941149,60.59334230430179,0.10157055293396411,0.014204930109820105
2014-07-03,-0.562659,0.281341,-0.984663,1.282225,1.282243,-2.146579,-2.979322,-3.788627,-4.051909,-4.202001,-3.810666,1.0,62.862778,60.315635500000006,1.0256882743239253,58.264258951352154,62.36701204864786,60.80947903722543,0.2654517338822586,0.012740921034724037
2014-07-07,-0.254453,0.395814,-0.339268,-0.492331,-0.492339,-1.139384,-2.1063,-2.939399,-3.37998,-3.566297,-3.289509,0.0,62.55328,60.438991349999995,1.1387609668121903,58.16146941637562,62.71651328362437,60.97555531939443,0.3661342803929486,-0.0049355502510183375
2014-07-08,0.58296,0.725144,-0.142185,-0.579582,-0.579591,-0.028434,-1.383472,-2.061702,-2.657466,-2.8807,-2.707706,-1.0,62.190727,60.538029449999996,1.2021627016738567,58.133704046652284,62.94235485334771,61.09128595564258,0.411922540133304,-0.005812768557871155
2014-07-09,-0.340471,0.241177,-0.510712,0.227493,0.227511,0.110646,-1.259759,-1.895309,-2.696133,-2.932621,-2.90964,0.0,62.332218,60.65165880000001,1.2605496494737614,58.13055950105248,63.17275809894753,61.2094699598671,0.45438929018478547,0.002272529948483241
2014-07-10,-0.487391,0.516056,-0.559058,-1.035602,-1.035611,1.034974,0.024365,-0.655583,-1.531683,-1.766633,-1.864492,-1.0,61.686699,60.741854249999996,1.2671594332656522,58.207535383468695,63.2761731165313,61.25492034464166,0.43098834176146994,-0.01041010267130064
2014-07-11,-0.792411,0.113205,-0.863167,1.304467,1.304474,-0.384891,-0.974959,-1.73011,-2.508848,-2.862323,-3.091369,1.0,62.491386,60.9235721,1.243002204723798,58.437567690552406,63.4095765094476,61.37267897848531,0.4719342728627183,0.012960390936790073
2014-07-14,0.056005,0.19605,-0.406107,1.047129,1.047117,-1.229519,-1.648231,-2.426364,-3.194931,-3.675117,-3.930824,1.0,63.145744,61.12828075,1.2555473192170203,58.617186111565964,63.63937538843404,61.54154231386766,0.5508357485362083,0.010416728190540452
2014-07-15,0.32128,0.852076,-0.586671,0.252054,0.252047,-1.125839,-1.456892,-2.454703,-3.120531,-3.721733,-4.01265,0.0,63.304901,61.32945185,1.266349605101429,58.79675263979714,63.862151060202855,61.70948123635645,0.6190720984395384,0.002517299679182587
2014-07-16,-1.110347,0.137088,-1.137757,1.899708,1.899717,-2.294719,-2.779982,-3.824532,-4.476347,-5.240844,-5.554028,1.0,64.507515,61.619934750000006,1.2968864080327778,59.02616193393445,64.21370756606557,61.975960642417746,0.7614136933958164,0.018818977529202693
2014-07-17,0.559678,1.315241,-0.111938,-2.028781,-2.028768,0.207067,-0.587672,-1.510204,-2.222622,-3.068712,-3.39631,-1.0,63.198807,61.794136349999995,1.2610073815763658,59.27212158684726,64.31615111315273,62.092422200282726,0.7598594479240006,-0.02049630425031283
2014-07-18,-0.374632,0.013878,-0.485638,0.839512,0.839502,-0.23866,-1.279313,-2.011935,-2.788955,-3.569863,-3.997504,1.0,63.729362,61.951978600000004,1.2971043393050037,59.357769921389995,64.54618727861,62.24832122882723,0.7923058430908227,0.00835997389988611
2014-07-21,-0.402388,0.180376,-0.457891,0.0,0.0,-0.055504,-1.09477,-1.717776,-2.503816,-3.27626,-3.806948,0.0,63.729362,62.133696050000005,1.2776924008406998,59.578311248318606,64.68908085168141,62.38937273084368,0.808697681548125,0.0
2014-07-22,-0.368405,0.231953,-0.382043,1.6928,1.692815,-1.255299,-2.337304,-2.913555,-3.851837,-4.545246,-5.171708,1.0,64.808182,62.311876749999996,1.3906609318963912,59.53055488620721,65.09319861379278,62.619735518382384,0.8983840771309417,0.01678646252726465
2014-07-23,-0.122738,0.313645,-0.463663,0.054579,0.054576,-1.205515,-2.003285,-2.59104,-3.543583,-4.218204,-4.977512,0.0,64.843552,62.545766750000006,1.4040215962024643,59.737723557595075,65.35380994240494,62.83152756425073,0.9612347394578649,0.0005456155469152045
2014-07-24,0.450023,0.531841,-0.163648,0.0,0.0,-0.698219,-1.516443,-2.305571,-3.180839,-3.901826,-4.7225,0.0,64.843552,62.780982699999996,1.37335811468009,60.034266470639814,65.52769892936017,63.02314893908399,0.9995224693213132,0.0
2014-07-25,0.368697,0.436979,-0.191188,-0.136368,-0.136379,-0.245796,-1.032365,-1.977334,-2.734539,-3.512225,-4.288775,0.0,64.755119,62.984365000000004,1.3479669248619277,60.288431150276146,65.68029884972385,63.18809846869504,1.0110749246921458,-0.0013647209966417108
2014-07-28,0.16404,0.478466,-0.437457,-0.109246,-0.109265,0.158601,-0.686244,-1.650473,-2.336964,-3.122882,-3.89381,0.0,64.684364,63.17271395,1.3064891789628066,60.55973559207439,65.78569230792561,63.330599947866936,1.002959498846593,-0.001093252312313273
2014-07-29,0.122444,0.557829,-0.149661,0.478466,0.47848,-0.261218,-0.899312,-1.831287,-2.458499,-3.353465,-4.058499,0.0,64.993866,63.3959924,1.2086955556622234,60.97860128867555,65.81338351132445,63.489006238546274,1.0098611395790371,0.004773393154332409
2014-07-30,0.497788,0.677541,-0.857305,-1.605442,-1.605441,1.086838,0.630537,-0.060837,-0.651269,-1.53982,-2.2193,-1.0,63.950428,63.533938549999995,1.0960456509669192,61.34184724806616,65.72602985193383,63.532951168208534,0.9205227995309073,-0.01618467548066199
2014-07-31,0.759602,1.251944,-0.014058,-1.70078,-1.70077,2.20565,2.31819,1.793032,1.13096,0.337036,-0.360576,-1.0,62.862778,63.57373100000001,1.0536072371572218,61.46651652568556,65.68094547431446,63.469125152188674,0.7532739826894215,-0.01715399689247739
2014-08-01,-0.15504,0.606061,-0.521487,-0.196932,-0.196946,1.764628,2.362241,2.020214,1.32066,0.665832,-0.048849,0.0,62.738972,63.567540699999995,1.0583571682764714,61.45082636344705,65.68425503655294,63.39958675674213,0.6037780038798317,-0.0019714062916651623
2014-08-04,-1.070184,0.138994,-1.320357,1.409443,1.409441,0.016686,0.922877,0.652318,-0.003461,-0.563157,-1.253172,1.0,63.623241,63.621038750000004,1.0310805508882688,61.558877648223465,65.68319985177654,63.42088716086193,0.5503108409506154,0.013996010576089294
2014-08-05,0.807938,0.850459,-0.637853,-1.945787,-1.94578,1.165123,2.537204,2.55138,1.996454,1.529125,0.767301,-1.0,62.385273,63.63076605,1.017707636265788,61.595350777468425,65.66618132253157,63.32225724077984,0.40339398291831685,-0.019649590217751284
2014-08-06,-1.404927,0.47295,-1.502297,1.899356,1.89936,-0.840177,0.425647,0.541568,0.192655,-0.213661,-0.932444,1.0,63.570194,63.69266484999999,0.9711539671852598,61.750356915629474,65.63497278437052,63.345870265467475,0.3782147125748523,0.018815474792287408
2014-08-07,1.258661,1.258661,-0.692968,-1.641397,-1.641395,0.707107,1.731008,2.147738,1.931832,1.480976,0.848062,-1.0,62.526756,63.7346677,0.8950101498569796,61.944647400286044,65.52468799971396,63.267859383042,0.27094000546729546,-0.016550151562226202
2014-08-08,-0.788285,0.070376,-1.097972,0.466698,0.466695,0.264636,0.950163,1.576575,1.484373,1.006754,0.492677,0.0,62.818565,63.75102664999999,0.8738289205404103,62.00336880891917,65.49868449108081,63.2250694417999,0.20708344570534365,0.004656089670570797
2014-08-11,0.0,0.322575,-0.21038,0.365994,0.365983,-0.283303,0.322584,1.134182,1.106598,0.669852,0.238902,0.0,63.04847,63.74616295,0.8776376279415327,61.990887694116935,65.50143820588306,63.20825044734277,0.17303345220859256,0.0036531448553216296
2014-08-12,-0.447676,0.139898,-0.685513,0.252454,0.25246,-0.274202,-0.212648,0.710689,0.844293,0.480695,0.127775,0.0,63.207642,63.7413,0.8804761885364861,61.98034762292703,65.50225237707298,63.20819249997679,0.15708169716459963,0.002521415903073206
2014-08-13,-0.168589,0.252881,-0.491708,-0.419702,-0.419693,-0.053389,0.04776,0.933777,1.144982,0.942958,0.642498,0.0,62.942364,63.66304245,0.8783434311021643,61.90635558779567,65.41972931220432,63.182875499979,0.12163200079493208,-0.004205761052902004
2014-08-14,-0.210825,0.196766,-0.618416,-0.042144,-0.042151,0.112439,0.098382,0.772076,1.165145,1.063669,0.729914,0.0,62.915833,63.64889375,0.8884362421558738,61.872021265688254,65.42576623431175,63.15744288093338,0.09035546944211603,-0.0004216014693581042
2014-08-15,0.110424,0.193235,-1.214627,1.827119,1.827138,-1.294696,-1.490694,-1.107904,-0.623889,-0.651495,-1.014964,1.0,64.065392,63.66569525,0.8932026945093036,61.879289860981395,65.45210063901861,63.24391422560639,0.15652408482731772,0.018106462686316126
2014-08-18,-0.261135,0.0,-0.783397,0.427888,0.427869,-1.313905,-1.799063,-1.564963,-0.999861,-1.000549,-1.344144,0.0,64.339508,63.696202549999995,0.9058222863940885,61.88455797721182,65.50784712278818,63.34825648983435,0.22844864577211155,0.004269563177243043
2014-08-19,0.371272,0.95673,-0.157077,-3.752066,-3.752063,2.119097,1.95488,1.942027,2.626734,2.769674,2.487508,-1.0,61.925449,63.5520659,0.9479431649681597,61.656179570063685,65.44795222993632,63.21275101461203,0.08962188701635654,-0.03824264885003455
2014-08-20,-0.380117,0.718009,-0.450514,1.427959,1.427965,0.639165,0.398421,0.385749,1.019988,1.214696,1.069968,1.0,62.809723,63.45037444999999,0.9104551276787052,61.62946419464258,65.2712847053574,63.17436739417279,0.0503735274553847,0.014178660275151873
2014-08-21,-0.042516,0.070866,-0.58106,-0.661694,-0.661694,1.142291,1.045918,1.004344,1.496596,1.837301,1.780989,-1.0,62.394115,63.3279026,0.8773283460794191,61.57324590784116,65.08255929215883,63.100057642346805,-0.014104583624643396,-0.006638926300394783
2014-08-22,0.272562,0.387325,-0.516427,-1.204647,-1.204652,1.589444,2.087221,2.117345,2.48171,2.943626,2.976141,-1.0,61.642483,63.1722708,0.8868531873417198,61.39856442531656,64.94597717468343,62.96124100974235,-0.12442013408762875,-0.012119668105557119
2014-08-25,0.34558,0.359971,-0.230376,-0.372977,-0.372977,1.016563,2.203029,2.259665,2.598996,3.178119,3.267583,0.0,61.412571,63.008681149999994,0.8949727726219194,61.218735604756155,64.79862669524383,62.813748627862125,-0.2277723615547771,-0.0037367383143124783
2014-08-26,0.318242,0.506301,-0.144652,-0.460763,-0.460757,1.22378,2.336178,2.596075,2.757846,3.415014,3.626983,0.0,61.129608,62.815468249999995,0.8602900835981906,61.094888082803614,64.53604841719638,62.65335428235145,-0.32872317952413255,-0.004618222153840225
2014-08-27,0.100531,0.359041,-0.373394,0.723275,0.723275,0.094785,1.378716,1.64297,1.826797,2.459858,2.723922,1.0,61.571743,62.69653400000001,0.8595498600925303,60.97743427981494,64.41563372018507,62.55034368403226,-0.36879953913518904,0.007206716307249462
2014-08-28,0.263815,0.351748,-0.51298,-2.010619,-2.010624,1.465626,3.030921,3.486243,3.706575,4.263221,4.673404,-1.0,60.333767,62.57008344999999,1.007156739867859,60.55576997026427,64.5843969297357,62.33924114269586,-0.49475147285740206,-0.020311117346745917
2014-08-29,-0.247702,0.072859,-0.641112,0.586244,0.586249,0.559521,1.873815,2.648987,2.933119,3.387437,3.896255,1.0,60.687473,62.467508499999994,1.0901037041768589,60.28730109164628,64.64771590835372,62.18192989101054,-0.5595777061399758,0.005845370732094346
2014-09-02,0.938415,1.011733,-0.278585,-0.626548,-0.626556,0.826986,1.847514,2.993165,3.307192,3.74898,4.362177,-1.0,60.307232,62.30170805,1.155296197878875,59.99111565424225,64.61230044575775,62.00338723472382,-0.634323151519304,-0.006285270942600929
2014-09-03,0.47619,0.877982,-0.252973,-1.466276,0.358425,0.266562,1.252115,2.329659,2.784421,3.082991,3.753468,0.0,60.523388,62.2086138,1.221336306620889,59.765941186758226,64.65128641324178,61.862434926654885,-0.6684124303604406,0.0035778386402897312
2014-09-04,1.017659,1.032628,-0.239443,-0.565472,-0.565479,0.374634,1.391152,2.605723,3.087379,3.418689,4.085265,-1.0,60.181141,62.03916115,1.257065220545654,59.52503070890869,64.55329159109131,61.70231169554489,-0.7148050741207612,-0.005670838037501481
2014-09-05,-0.344574,0.194752,-0.704121,-0.104759,-0.104754,0.408143,1.118884,2.403071,2.995153,3.344519,3.932404,0.0,60.118099,61.9187283,1.3216157580110282,59.27549678397794,64.56195981602205,61.55143429596919,-0.7480356517207767,-0.0010480865177683338
2014-09-08,0.866261,1.033435,-0.227965,-1.423216,-1.423215,1.376893,2.177199,3.341231,4.182132,4.601919,5.123998,-1.0,59.262489,61.740924500000006,1.4290282552351388,58.88286798952973,64.59898101047028,61.33343950587688,-0.8338001709034515,-0.014334401678330638
2014-09-09,0.121177,0.272645,-0.454402,0.334337,0.33433,0.754325,1.508452,2.449866,3.533281,3.973344,4.480868,0.0,59.460621,61.561532050000004,1.4805189190947021,58.6004942118106,64.52256988818941,61.15507583865052,-0.8756871968055151,0.0033377188980068563
2014-09-10,0.030338,0.106204,-0.971032,-0.166606,-0.166598,0.531019,1.380001,2.33289,3.382099,3.943101,4.33895,0.0,59.361561,61.369228,1.5050330793107256,58.35916184137855,64.37929415862145,60.98426490163618,-0.9064275481896829,-0.001667365828205333
2014-09-11,-0.506293,0.107395,-0.582996,-1.107577,-1.107584,1.153733,2.026952,3.012754,4.17898,4.775683,5.209636,-1.0,58.704082,61.1573139,1.5688994036688197,58.01951509266236,64.29511270733764,60.76710462528988,-0.972630677642357,-0.011137631232845599
2014-09-12,0.046037,0.475747,-0.44506,-0.030678,-0.030678,0.696745,1.777497,2.623136,3.850578,4.546058,5.004688,0.0,58.686073,60.9458259,1.604066544683815,57.737692810632375,64.15395898936764,60.568911137167035,-1.014851731456929,-0.0003068230064314752
2014-09-15,0.294075,0.448848,-0.402419,-0.844081,-0.844072,1.185569,2.214822,3.10127,4.229836,5.117898,5.638011,-1.0,58.19072,60.65209230000001,1.53932465417845,57.573442991643105,63.73074160835691,60.34241674315113,-1.0758809818078703,-0.008476549591854052
2014-09-16,-1.97037,0.687333,-1.97037,1.331063,1.331063,-0.311595,0.644566,1.47026,2.404984,3.460103,3.987056,1.0,58.965275,60.38338065000001,1.3143957280885135,57.75458919382298,63.01217210617703,60.21126038666054,-1.0496473063642142,0.013222819462617667
2014-09-17,1.610888,1.720366,-0.078198,-2.336951,-2.33696,1.457624,2.543017,3.488241,4.478753,5.545391,6.19762,-1.0,57.58728,60.1664722,1.4015837847077885,57.36330463058442,62.96963976941558,59.96135749269287,-1.127057591342954,-0.023647001333417093
2014-09-18,-0.031156,0.405114,-0.342787,0.375353,0.375368,0.766588,1.748201,2.666621,3.654997,4.795076,5.46793,0.0,57.803444,59.91615825,1.3507949124899006,57.214568425020204,62.6177480749798,59.75584192196021,-1.1576188620090093,0.0037466486970748163
2014-09-19,0.773966,1.089874,-0.394882,-1.355561,-1.35557,1.566895,2.603065,3.69001,4.608162,5.82156,6.59534,-1.0,57.019878,59.6474464,1.3663693629011873,56.91470767419762,62.38018512580238,59.495273929392575,-1.2308773292031034,-0.013648414796219454
2014-09-22,1.484987,1.501309,-0.6201,-3.206448,-3.206452,3.844655,5.264367,6.46106,7.489075,8.683951,9.665855,-1.0,55.191563,59.32490039999999,1.6102688052548628,56.10436278949027,62.54543801050971,59.08539669802185,-1.4200949621420236,-0.032589846483811025
2014-09-23,0.325357,0.634456,-0.309097,0.310055,0.310067,2.222214,4.19879,5.536568,6.610431,7.699417,8.864115,0.0,55.362694,59.02240655000001,1.7588424320483644,55.50472168590328,62.540091414096736,58.730853583924535,-1.5385075012008116,0.0030958760219064263
2014-09-24,0.321545,0.627008,-0.852095,1.187571,1.187569,0.46302,2.379417,3.762053,4.903182,6.013769,7.15878,1.0,56.020164,58.76693435000001,1.8070745301583646,55.15278528968328,62.381083410316734,58.47269267116982,-1.561300259708979,0.011805723933368838
2014-09-25,1.750874,1.800897,-0.283478,-3.585209,-3.585211,2.794729,5.317657,6.858983,8.104186,9.304359,10.592355,-1.0,54.011723,58.38893334999999,1.9726049714371037,54.44372340712578,62.334143292874195,58.04783841677269,-1.7215827541560031,-0.036510581757880856
2014-09-26,0.350993,0.651845,-0.384429,-0.233448,-0.233451,1.871971,4.673241,6.337957,7.75883,8.928532,10.292535,0.0,53.885632,58.066526599999996,2.1563939192825705,53.75373876143485,62.37931443856514,57.65143780565148,-1.8375995716953497,-0.002337240934214279
2014-09-29,-0.254189,0.64396,-0.457543,-1.370557,-1.370556,2.518225,5.178789,7.048528,8.546861,9.802819,11.140378,-1.0,53.147099,57.6895079,2.3264973202811703,53.03651325943766,62.34250254056234,57.2224531574942,-1.966468946443328,-0.013800352736597613
2014-09-30,0.0,0.764268,-0.526496,-0.220297,-0.220296,1.86481,4.29178,6.47645,8.100373,9.412957,10.67487,0.0,53.030018,57.325647200000006,2.460741013005144,52.40416517398972,62.247129226010294,56.82317361868523,-2.0543648731382618,-0.0022053913453761865
2014-10-01,0.35928,0.906756,-0.479047,-0.730299,-0.730288,1.331043,4.119751,6.408886,8.147123,9.573,10.901282,-1.0,52.642746,56.9316151,2.5510418082050896,51.829531483589825,62.03369871641018,56.42503765500092,-2.130711130541549,-0.007329679269515147
2014-10-02,-0.18714,0.272201,-1.701259,0.564582,0.564581,0.35726,2.616531,5.085624,6.856067,8.30565,9.657225,1.0,52.939957,56.5695559,2.5792762179730766,51.41100346405384,61.72810833594615,56.0931252116675,-2.142535826449624,0.00562993324837636
2014-10-03,0.838719,1.15324,-0.733879,-2.63695,-2.636965,2.166704,4.3334,7.007988,8.918407,10.556861,11.925487,-1.0,51.543949,56.1408484,2.6694116691951977,50.802025061609605,61.4796717383904,55.659870334365834,-2.2387462881844513,-0.026723562168411867
2014-10-06,0.759149,1.949622,-1.052452,1.275553,1.275554,0.517607,2.446524,4.895338,6.870263,8.514155,9.912937,1.0,52.20142,55.78779495,2.701568120117757,50.38465870976449,61.19093119023551,55.33049411204528,-2.2361642477979586,0.012674875193789003
2014-10-07,1.383297,1.768513,-0.332697,-1.466525,-1.466521,1.393802,3.207845,5.480652,7.680792,9.439327,10.902278,-1.0,51.435875,55.38655765,2.723201139569692,49.940155370860616,60.832959929139385,54.95957800613621,-2.2697270452410336,-0.014773811383016804
2014-10-08,-1.833448,0.205619,-2.827282,2.188758,2.188754,-0.808771,0.339277,2.583966,4.727557,6.48938,7.983534,1.0,52.56168,55.0465636,2.6234572158927065,49.799649168214586,60.29347803178541,54.73120676745657,-2.1803490427221774,0.021651450935140357
2014-10-09,2.217179,2.496508,-0.209495,-1.850586,-1.850578,0.537705,1.761522,3.715083,6.01257,7.831005,9.374513,-1.0,51.588985,54.690808749999995,2.5834921915443356,49.52382436691133,59.85779313308866,54.43194755150833,-2.1630701627689817,-0.018679156428333288
2014-10-10,0.484479,1.471378,-0.251211,-2.706004,-2.706002,2.795616,3.856088,5.69292,8.115015,10.039113,11.743053,-1.0,50.192986,54.26615439999999,2.5902230435890288,49.085708312821936,59.446600487178046,54.028236927555156,-2.2362439501245177,-0.02743288488727937
2014-10-13,0.455498,1.927116,-0.175196,2.422397,2.422388,0.056063,1.061669,2.702642,4.89839,6.825509,8.498599,1.0,51.408855,53.92706115,2.4914391630866812,48.94418282382664,58.90993947617336,53.778771982073714,-2.1710971801025067,0.023935138067618097
2014-10-14,-0.359834,1.06237,-0.496917,2.242465,2.242464,-1.710072,-1.243999,0.094818,1.988524,3.95751,5.627717,1.0,52.56168,53.6068814,2.204880691415037,49.19712001716992,58.016642782830075,53.66285845997145,-2.0033511673490523,0.022176903247994567
2014-10-15,-1.090845,0.340891,-2.028291,0.531181,0.531187,-2.123741,-1.72831,-0.835178,1.000514,2.91461,4.584969,0.0,52.840881,53.369561450000006,1.9998058699031243,49.36994971019376,57.369173189806254,53.58457489235512,-1.8268235714043328,0.0052978153542971125
2014-10-16,-2.26499,1.192093,-2.758861,0.085228,0.085231,-1.716627,-1.822215,-1.061541,0.449585,2.386915,4.036097,0.0,52.885918,53.12368515000001,1.706808968593933,49.71006721281214,56.53730308718787,53.51803614070225,-1.6641072774715298,0.0008519505584208946
2014-10-17,0.033875,0.660567,-0.558946,0.544959,0.544947,-1.128044,-2.04776,-1.686987,-0.456464,1.41735,3.03693,0.0,53.174118,52.931397149999995,1.440640783950879,50.050115582098236,55.812678717901754,53.48528203206394,-1.4946685027096862,0.005434671158277393
2014-10-20,-0.826025,0.033715,-0.96089,0.474253,0.474265,-0.839519,-2.280854,-2.11621,-1.091541,0.581925,2.186442,0.0,53.426304,52.843134199999994,1.345836614254383,50.151460971491225,55.53480742850876,53.47966507662928,-1.3247666649024339,0.004731434749156757
2014-10-21,0.284135,0.56827,-0.835701,0.859747,0.859741,-1.193382,-2.659203,-2.844728,-2.071704,-0.652517,0.970527,1.0,53.885632,52.7692811,1.2363737750867527,50.29653354982649,55.24202865017351,53.51832859314078,-1.1399140835445891,0.008560665705459753
2014-10-22,0.355991,0.830646,-0.322094,-1.403978,-1.403979,0.322089,-1.166299,-1.400238,-0.949314,0.426513,2.017291,-1.0,53.129089,52.62472735,0.978373744250395,50.66797986149921,54.58147483850079,53.4812581556988,-1.0424470971981847,-0.014139280967113433
2014-10-23,0.64681,0.800002,-0.170209,-0.406852,-0.406856,0.742134,-0.512334,-1.000845,-0.648504,0.467071,2.069228,0.0,52.91293,52.56978769999999,0.925828932045508,50.718129835908975,54.42144556409101,53.42713166467986,-0.9714477876994607,-0.004076861256187449
2014-10-24,-0.473449,0.270544,-0.473449,0.663828,0.66384,0.111597,-0.591819,-1.438398,-1.362025,-0.477513,1.056812,1.0,53.264187,52.53871545,0.8890402716719102,50.76063490665618,54.31679599334382,53.41161312518654,-0.8767304165799601,0.006616459202399468
2014-10-27,-0.323126,0.340138,-0.64626,-0.574907,-0.57491,0.513605,0.27551,-0.773243,-0.809524,-0.070748,1.311792,-1.0,52.957966,52.5292588,0.883215161352487,50.762828477295024,54.29568912270498,53.368408637073536,-0.8169583062546408,-0.00576568709376519
2014-10-28,-0.285095,0.083849,-0.804962,1.411568,1.411565,-0.952542,-0.907261,-1.872659,-2.127285,-1.585108,-0.424842,1.0,53.705502,52.563033000000004,0.9156902993187801,50.731652401362446,54.39441359863756,53.400512766876055,-0.7011857376948711,0.014016949820105672
2014-10-29,2.023118,2.057122,-0.374026,-1.358378,-1.358384,0.353626,0.482836,-0.469221,-0.748038,-0.4597,0.656247,-1.0,52.975975,52.57969445,0.9202374011701868,50.739219647659624,54.42016925234037,53.360080598602146,-0.6606858992198923,-0.013676945473935031
2014-10-30,-0.833478,0.527295,-1.12264,-0.051001,-0.050997,0.418438,0.546011,-0.247207,-0.696547,-0.489198,0.401997,0.0,52.948959,52.58014455,0.9204250667602252,50.73929441647955,54.42099468352045,53.320926160640035,-0.6235811950105017,-0.0005100970954731432
2014-10-31,-0.841184,0.100944,-1.312246,1.105627,1.105636,-0.578741,-0.48621,-0.921944,-1.596574,-1.603639,-0.91297,1.0,53.534382,52.6796662,0.9100387638839971,50.85958867223201,54.49974372776799,53.34125528819813,-0.5407038091483187,0.01099568989628799
2014-11-03,1.277683,1.294715,-0.477007,-1.24495,-1.244959,0.640545,0.662692,0.511074,-0.293015,-0.384326,0.189666,-1.0,52.867901,52.712990250000004,0.9037857090450505,50.905418831909905,54.5205616680901,53.29617392741736,-0.5227760930551781,-0.012527733388310912
2014-11-04,0.339328,0.373263,-0.678653,0.408855,0.408868,-0.003401,0.10179,0.167394,-0.543782,-0.785892,-0.361393,0.0,53.084061,52.79539955,0.8550342509236954,51.08533104815261,54.50546805184739,53.27597269623475,-0.48552906656561845,0.004080345391014721
2014-11-05,0.531552,0.840194,-0.497258,-1.051916,-1.05193,0.888209,1.051101,1.192277,0.510121,0.259949,0.476113,-1.0,52.525654,52.79359825,0.8555903094496575,51.08241763110069,54.504778868899315,53.20451377278383,-0.4953591162781805,-0.01057501582923241
2014-11-06,0.792282,0.826731,-0.223908,-0.445814,-0.445805,1.088525,1.384768,1.569634,1.027379,0.65931,0.81639,0.0,52.291492,52.828723600000004,0.8170873358853462,51.19454892822931,54.4628982717707,53.117559318232985,-0.5160951937876987,-0.004468016893940069
2014-11-07,-0.601204,0.701399,-0.868403,3.134688,3.134682,-1.837006,-1.573147,-1.423959,-1.696728,-2.223114,-2.245047,1.0,53.930664,53.0156075,0.5737068150166231,51.86819386996675,54.16302113003325,53.194997859353656,-0.39569982210669963,0.030865540556653196
2014-11-10,1.671452,1.85717,-0.236367,-1.085506,-1.085503,-0.580786,-0.420396,-0.352301,-0.436436,-1.064328,-1.159887,-1.0,53.345245,53.112427000000004,0.43487310041815314,52.2426807991637,53.98217320083631,53.20930711084378,-0.34356365543803236,-0.010914376151754475
2014-11-11,-0.61048,0.067826,-1.000509,-0.438965,-0.438969,-0.13227,-0.093267,-0.010175,0.054265,-0.50195,-0.71901,0.0,53.111076,53.139896799999995,0.41515789164008615,52.309581016719825,53.970212583280166,53.199951766953895,-0.3174811242253952,-0.0043993513110630236
2014-11-12,0.18907,0.756272,-0.635956,-1.339666,-1.339662,1.175662,1.153317,1.254725,1.370744,0.836712,0.613611,-1.0,52.399567,53.117831100000004,0.44270135392766946,52.23242839214466,54.003233807855345,53.12372464629162,-0.3501866268453995,-0.013487166133075894
2014-11-13,0.364392,1.058478,-0.294989,-0.94534,-0.94534,1.992016,1.917402,2.0915,2.243619,1.823352,1.507312,-1.0,51.904213,53.068745850000006,0.5178194797195408,52.03310689056092,54.10438480943909,53.00758067997813,-0.41133528414773934,-0.009498365719585658
2014-11-14,-2.361802,0.10269,-2.464484,1.388164,1.388165,0.099263,0.349135,0.612697,0.791543,0.614065,0.185974,1.0,52.624729,53.0412764,0.5264358569107428,51.98840468617851,54.09414811382149,52.971118615218316,-0.397079134921384,0.013786180131090191
2014-11-17,0.567109,0.567109,-0.790512,-0.41075,-0.410757,0.154673,0.675382,0.957789,1.110163,1.105351,0.612368,0.0,52.408569,52.99038965,0.536354296304788,51.917681057390425,54.06309824260957,52.917542461388,-0.39862820165377144,-0.004116033853893322
2014-11-18,0.556135,0.816818,-0.469241,-1.117027,-1.117014,0.789009,1.569335,1.856091,2.053344,2.190466,1.773828,-1.0,51.823158,52.88726594999999,0.5531785474406368,51.78090885511872,53.99362304488127,52.813315369827244,-0.44199853938822287,-0.011232993493251575
2014-11-19,1.557749,1.700987,-0.393907,-2.937092,-2.9371,3.004481,4.200542,4.583711,4.860344,5.080756,4.703674,-1.0,50.30106,52.7458645,0.7961823061759188,51.15349988764817,54.33822911235184,52.57405295365322,-0.5923620514093599,-0.02981096455613839
2014-11-20,-1.359927,0.344511,-1.450597,-1.25335,-1.253355,3.412513,4.995469,5.471142,5.864916,6.155577,5.9039,-1.0,49.670609,52.583748449999995,1.0500093298914506,50.48372979021709,54.6837671097829,52.297534481876724,-0.7537100445722515,-0.012612760476116897
2014-11-21,0.401116,1.133593,-0.401114,3.970984,3.97099,-0.917336,0.542379,1.198698,1.664632,1.98256,1.952679,1.0,51.643024,52.5026903,1.0572663275785237,50.38815764484295,54.61722295515705,52.23520015026942,-0.7141893549469174,0.0389417335541254
2014-11-24,1.533518,1.729666,-0.17832,-2.197415,-2.197422,0.556351,2.23966,3.160964,3.706315,4.042799,4.183906,-1.0,50.508209,52.38020245,1.1403841431793513,50.0994341636413,54.6609707363587,52.07072480262471,-0.7656134943578721,-0.02221924599408995
2014-11-25,0.018123,0.706655,-0.308025,-1.587024,-1.587025,1.326333,3.203488,4.371574,4.976455,5.384318,5.672535,-1.0,49.706631,52.1802589,1.2418377897204225,49.69658332055916,54.66393447944084,51.84557301189855,-0.8611216663253387,-0.01599753280022027
2014-11-26,0.668237,0.722415,-0.433444,0.326146,0.326148,0.823554,2.36049,3.677089,4.323649,4.780213,5.130343,0.0,49.868748,52.02489754999999,1.3283990437864008,49.36809946242719,54.681695637572794,51.657303963146305,-0.9132042436066854,0.003256169243181226
2014-11-28,1.685065,2.033699,-0.116213,-6.754557,-6.754555,6.763507,8.613209,10.357029,11.187296,11.818712,12.288077,-1.0,46.500336,51.702466400000006,1.7934954139550243,48.115475572089956,55.289457227910056,51.16616415713237,-1.2123080264498256,-0.06993497559552067
2014-12-01,-0.759492,0.272647,-1.94742,-0.542326,-0.542323,5.012658,7.826682,9.851351,11.005847,11.821621,12.401173,-1.0,46.248154,51.33815499999999,2.1133042631654035,47.111546473669186,55.5647635263308,50.69778223740548,-1.4529502035896158,-0.0054379887253010045
2014-12-02,1.548414,1.76401,-0.254804,-0.642645,-0.642644,3.708345,7.118775,9.489088,10.971187,11.934927,12.585913,-1.0,45.950943,50.9923071,2.3967605129829193,46.19878607403416,55.785828125965836,50.24570231003353,-1.6486388243847259,-0.006447178750383482
2014-12-03,-0.4447,0.850733,-1.276102,1.372013,1.372009,0.962876,4.543696,7.0727,8.77127,9.8082,10.539445,1.0,46.581394,50.66717375,2.535134630155206,45.59690448968959,55.737443010310415,49.896720566220814,-1.732875825584486,0.013626820117718657
2014-12-04,-0.25371,0.448866,-0.390322,-0.928072,-0.92807,0.29664,4.623336,7.172778,9.099334,10.245119,11.070775,-1.0,46.149086,50.34834535,2.6856086379789974,44.97712807404201,55.719562625958,49.5398029884855,-1.8136117117029897,-0.009324035246699159
2014-12-05,0.138944,0.674871,-0.555782,-1.678378,-1.678384,1.512509,5.462488,8.042879,10.199489,11.459316,12.413001,-1.0,45.374527,50.0024971,2.8618011553840357,44.27889478923193,55.72609941076807,49.14311003720116,-1.9179865659359692,-0.016926287480733306
2014-12-08,1.406734,1.569829,-0.040775,-2.63994,-2.639933,3.327218,6.632007,9.697587,12.083589,13.634253,14.775401,-1.0,44.17667,49.5147974,2.985587815378798,43.54362176924241,55.48597303075759,48.67011574794391,-2.0734598840280682,-0.026754046609168938
2014-12-09,-1.585343,1.091204,-1.873585,-0.978591,-0.978589,3.339506,6.139587,9.461254,12.093881,13.922995,15.207601,-1.0,43.744362,49.03475325,3.106679608721491,42.821394032557016,55.248112467442986,48.200996343377824,-2.2061263995244076,-0.009834085751161794
2014-12-10,0.859717,1.048438,-0.524219,-1.81182,-1.811827,3.556306,6.525481,10.104149,12.979666,15.081575,16.498923,-1.0,42.95179,48.526788950000004,3.2330789119813095,42.060631126037386,54.99294677396262,47.701071929722794,-2.348151476912996,-0.01828441199822877
2014-12-11,-0.106155,1.507437,-0.276002,-1.237159,-1.237145,3.095535,6.104027,10.244861,13.218677,15.57027,17.128798,-1.0,42.420414,48.027831299999995,3.3710330779999222,41.28576514400015,54.76989745599984,47.19815212689205,-2.475054093363738,-0.012448615293402732
2014-12-12,0.97445,1.689041,-0.21654,-1.953287,-1.953291,3.330441,7.037672,11.146231,14.23451,16.843648,18.552036,-1.0,41.59182,47.51221165,3.5317510950230555,40.44870945995389,54.575713840046106,46.66421573385471,-2.612372142225567,-0.019726195319583317
2014-12-15,1.151708,1.771869,-0.55371,-2.230398,-2.230405,3.960132,8.106309,11.88187,15.369873,18.204204,20.201547,-1.0,40.664154,46.9141829,3.631712241918237,39.65075841616353,54.177607383836474,46.092781283011405,-2.7641887315933715,-0.022556546045699465
2014-12-16,0.397869,4.641905,-0.552608,0.199336,0.199338,2.281164,6.613611,10.061885,13.7091,16.732089,18.970669,0.0,40.745213,46.3310151,3.639429970591652,39.052155158816696,53.60987504118331,45.583489065581745,-2.845166381592719,0.0019913931227989626
2014-12-17,-2.030233,1.382289,-2.613389,2.343053,2.343051,-0.660901,3.002164,6.262061,9.892011,12.965014,15.336936,1.0,41.699894,45.8248519,3.5379386282955894,38.74897464340882,52.900729156591176,45.21362286885968,-2.8000299719729256,0.023160226441286326
2014-12-18,-0.492505,0.171302,-1.73448,0.863935,0.863925,-1.683075,1.14776,4.114212,7.971099,11.014141,13.519638,1.0,42.06015,45.4128064,3.468384248230453,38.476037903539094,52.34957489646091,44.91329211944447,-2.704019144242622,0.008602149766905062
2014-12-19,-2.665842,0.309986,-2.934487,3.618839,3.618853,-4.203349,-2.796033,0.031686,3.501754,6.373216,8.888888,1.0,43.582245,45.1083882,3.3398137343497125,38.42876073130058,51.78801566869942,44.78652572711643,-2.476561269020962,0.03554910604381923
2014-12-22,1.729237,1.876852,-0.442849,-2.004549,-2.004548,-1.286377,-1.151412,1.525377,4.572964,7.620413,10.240405,-1.0,42.708618,44.6616679,2.999991326903201,38.6616852461936,50.661650553806396,44.58862975310534,-2.339821654314285,-0.02024911607761915
2014-12-23,-0.422744,0.866624,-0.99345,-0.231963,-0.231963,-0.181787,-1.187915,1.238633,3.889234,6.950743,9.656866,0.0,42.60955,44.26673495,2.6941331543109537,38.87846864137809,49.65500125862191,44.400145967095305,-2.2139277037114624,-0.0023223200133461073
2014-12-24,0.149093,0.255589,-0.830671,-0.760938,-0.760942,0.860487,-0.58786,1.337591,3.808304,6.86858,9.644299,-1.0,42.285316,43.8956692,2.4005314303530607,39.094606339293875,48.696732060706125,44.198733589276706,-2.115927717299435,-0.007638520249387146
2014-12-26,-0.820534,0.904692,-0.904694,1.235352,1.235356,-0.021039,-1.710499,-0.419385,1.716809,4.864294,7.559434,1.0,42.80769,43.542616300000006,1.953425778887213,39.63576474222558,47.44946785777443,44.06625324744083,-1.9733631043863156,0.012277873040235665
2014-12-29,0.16604,1.141553,-0.269824,1.367559,1.367553,-1.457032,-2.621417,-2.067245,-0.013489,2.870903,5.454548,1.0,43.393108,43.3872549,1.8251615186579075,39.73693186268419,47.03757793731582,44.00214417625599,-1.7924787027662177,0.013582867306987921
2014-12-30,0.0,1.21237,-0.041806,-0.705687,-0.705681,-0.581105,-1.36706,-1.539857,0.330265,2.807688,5.466133,-1.0,43.086891,43.22919175,1.6967286238816568,39.83573450223668,46.622648997763314,43.914977207088754,-1.6547606137160997,-0.007081828939186889
2014-12-31,0.697384,1.098901,-0.147929,-1.086957,-1.086962,0.515641,0.156384,-0.633979,1.041845,3.196958,5.859399,-1.0,42.618553,43.06257225,1.5746107472108752,39.91335075557825,46.211793744421755,43.791508234985066,-1.5653644514834824,-0.010929122816011721
2015-01-02,-0.378629,0.147244,-0.946573,0.464922,0.464922,0.298696,-0.046277,-1.11485,0.134624,2.075725,4.668348,0.0,42.816696,42.87433735,1.3392512081066832,40.19583493378663,45.55283976621337,43.6986689745103,-1.4616795329082635,0.004638445081528775
2015-01-05,0.588879,1.090513,-1.134124,-3.554907,-3.55491,3.262821,3.452572,2.348246,3.237741,5.007643,7.799354,-1.0,41.294601,42.6316131,1.1395190387537426,40.352575022492516,44.91065117750749,43.46971011979503,-1.4852082772392592,-0.03619635494972783
2015-01-06,-0.197542,1.602283,-0.658479,-0.632491,-0.632499,2.769981,3.489913,2.908995,3.365902,5.143119,7.783885,-1.0,41.033413,42.4145574,0.9936634109972824,40.427230578005435,44.401884221994564,43.237681822671696,-1.5075525381568369,-0.006345078997915468
2015-01-07,-0.195695,0.413129,-1.065453,0.943813,0.943814,1.004568,2.211356,2.068572,2.06676,3.693853,5.953474,1.0,41.420692,42.2767585,0.9251722284655657,40.42641404306887,44.12710295693113,43.06463517289344,-1.4769845882984498,0.00939387670137616
2015-01-08,-0.578406,0.449869,-1.221078,1.500322,1.500325,-0.762638,0.565558,0.765502,0.35562,1.789211,3.716088,1.0,42.042137,42.19164725,0.8589846549598646,40.47367794008027,43.90961655991973,42.967254394522634,-1.3866296465199497,0.01489181452450188
2015-01-09,0.383552,0.745789,-0.27701,0.535561,0.535565,-1.55125,0.025571,0.318207,-0.259958,0.838699,2.576891,0.0,42.2673,42.15742275,0.8405423725777468,40.47633800484451,43.8385074951555,42.90059207123476,-1.282074969667633,0.005341360192624488
2015-01-12,0.479505,0.632077,-0.893636,-2.237373,-2.237368,0.7149,1.955094,2.49491,1.889709,2.679159,4.234957,-1.0,41.321625,42.1024833,0.8581726221845962,40.38613805563081,43.8188285443692,42.75021425492669,-1.260986832878288,-0.022627766769415886
2015-01-13,1.189168,1.343316,-0.836822,-1.024414,-1.024408,1.691249,2.400343,3.118248,2.859495,3.304111,4.857219,-1.0,40.898323,42.06780845,0.8931883415918205,40.28143176681636,43.85418513318364,42.57384365921939,-1.263862248979187,-0.010296910917321945
2015-01-14,-1.675729,0.113222,-2.807976,-2.752698,-2.752709,3.740946,4.465582,5.544992,5.658972,5.785332,7.282614,-1.0,39.772511,42.0232263,0.9845200825129485,40.0541861349741,43.99226646502589,42.30705007262707,-1.3415204439416684,-0.02791306449291657
2015-01-15,0.871506,1.072626,-0.424579,1.336051,1.336046,1.510623,2.513973,3.772075,4.211182,4.049172,5.401127,1.0,40.30389,42.00116015,1.0190133794524552,39.963133391095084,44.03918690890491,42.11627292285307,-1.344686568838867,0.013271995078659619
2015-01-16,-1.517122,0.411797,-1.798869,3.106143,3.106162,-1.889906,-0.877773,0.528817,1.054392,0.780228,1.822707,1.0,41.555794,41.99395515,1.0217613419068172,39.95043246618636,44.03747783381363,42.06289397781945,-1.2319761018057491,0.030588967680876784
2015-01-20,-0.021896,0.612958,-0.569181,-0.996964,-0.996961,-0.989501,0.083175,1.271149,1.960365,1.670742,2.442341,-1.0,41.141499,41.948022599999994,1.0391300081522026,39.86976258369559,44.0262826163044,41.975142075169984,-1.1626797404344344,-0.010019637910654645
2015-01-21,-1.246244,0.365273,-1.654493,1.882664,1.882661,-2.333484,-1.555661,-0.835134,-0.122485,-0.177062,0.274306,1.0,41.916054,41.86471305,0.9653895264908378,39.93393399701832,43.795492102981676,41.96951463943951,-1.033349944597262,0.018651583783622645
2015-01-22,-0.042274,0.655248,-0.78208,1.654491,1.654488,-2.59142,-2.878889,-2.523787,-1.759677,-1.619115,-1.480313,1.0,42.60955,41.85975965,0.9610760858572043,39.93760747828559,43.78191182171441,42.03047038806432,-0.8649254954986532,0.016409502652124024
2015-01-23,1.802198,1.934068,-0.175829,-3.825832,-3.825837,1.613194,0.725278,1.08718,1.949451,2.317363,2.213921,-1.0,40.979378,41.77825105,0.9632644839991849,39.85172208200163,43.704780017998374,41.93036635110582,-0.8531545283074493,-0.03900944199496836
2015-01-26,-1.21712,0.586831,-1.95609,1.120875,1.120874,0.430352,-0.591167,-0.255012,0.717241,1.158015,0.959219,1.0,41.438705,41.735920500000006,0.958398609628974,39.819123280742055,43.65271771925796,41.883541460524306,-0.7975682317524289,0.011146382903047628
2015-01-27,-0.37094,0.610951,-1.112813,-0.391211,-0.391221,0.890255,-0.211642,0.133835,0.927347,1.479388,1.263373,0.0,41.276588,41.6593654,0.9289811289665189,39.80140314206696,43.51732765793304,41.8257363690458,-0.7578610281067313,-0.003919884744504612
2015-01-28,1.365634,1.784134,-0.220271,-0.93825,-0.938244,1.343612,0.73128,1.058739,1.577093,2.177094,2.1652,-1.0,40.889313,41.534175649999995,0.8482421652462823,39.83769131950743,43.23065998049256,41.73655319104144,-0.7490085349016198,-0.009426729656903044
2015-01-29,0.328302,0.328302,-1.641497,0.63876,0.638759,-0.00875,0.426799,0.373541,0.697097,1.377116,1.556148,1.0,41.150497,41.43735595,0.7684428516679198,39.900470246664156,42.97424165333584,41.68073831570416,-0.712701920169394,0.006367271752891671
2015-01-30,-1.100803,1.057626,-1.877839,1.400751,1.400761,-1.031739,-0.619474,-1.063392,-0.800785,-0.107929,0.231664,1.0,41.726917,41.39277415,0.7206887167379576,39.95139671652409,42.834151583475915,41.6851362856371,-0.6301523853202724,0.013910407356949673
2015-02-02,-0.739806,0.190237,-1.500746,2.115258,2.115261,-2.532242,-2.430781,-3.05926,-2.879949,-2.1467,-1.773417,1.0,42.60955,41.382416850000006,0.7003494189258109,39.981718012148384,42.78311568785163,41.77317568700499,-0.48788612997900316,0.020931994383487043
2015-02-03,-2.602601,0.260262,-3.403405,5.580215,5.580216,-6.034039,-6.732739,-7.639645,-7.60261,-7.124732,-6.748088,1.0,44.987255,41.56704955,1.0668364115015025,39.433376726997,43.700722373003,42.0792784787188,-0.1811895352816606,0.05430082087825232
2015-02-04,0.081944,0.860477,-0.430246,-2.282282,-2.282293,-2.442117,-4.089323,-5.018093,-5.111654,-4.90391,-4.541416,-1.0,43.960514,41.713404600000004,1.18410896417851,39.345186671642985,44.08162252835702,42.25844376645986,-0.02074060741016126,-0.0230874055183652
2015-02-05,-1.571636,0.483574,-1.793268,1.679984,1.679992,-2.46625,-5.206533,-5.852646,-6.312718,-6.330853,-5.970183,1.0,44.699047,41.87732235,1.355906495011781,39.16550935997644,44.58913534002356,42.490882169654164,0.1641179156505288,0.01666035956699183
2015-02-06,1.035411,1.097534,-0.455583,-2.69998,-2.699984,1.05198,-1.998344,-2.751431,-3.546282,-3.651274,-3.293298,-1.0,43.49218,41.9498245,1.4031287626493454,39.14356697470131,44.75608202529869,42.58624386778234,0.21080551160235217,-0.02737102966262416
2015-02-09,-0.975015,1.076575,-1.137522,1.946571,1.946573,-0.0975,-3.215519,-4.189856,-5.154377,-5.353647,-4.985443,1.0,44.338787,42.053398849999994,1.5008494854345007,39.05169987913099,45.055097820868994,42.753152737517354,0.31251737154634185,0.01927869520639704
2015-02-10,0.413653,0.599795,-0.889349,-1.787532,-1.787536,1.058952,-0.932773,-2.077896,-3.172691,-3.424191,-3.199579,-1.0,43.546215,42.16462835,1.5259854699832986,39.11265741003341,45.216599289966595,42.82868247680142,0.3254195823680277,-0.018037059099895548
2015-02-11,-0.083431,0.375469,-1.710471,-0.847981,-0.84798,1.560287,0.44431,-1.045748,-2.080722,-2.399662,-2.388399,-1.0,43.176952,42.2785598,1.5114591044545285,39.25564159109094,45.30147800890905,42.86185100282033,0.30236278933809047,-0.008515953565712855
2015-02-12,-0.553165,0.348287,-1.147308,1.814773,1.814769,-0.585945,-0.706818,-2.604655,-3.34972,-3.908212,-4.062007,1.0,43.960514,42.48795995,1.4341214943549487,39.6197169612901,45.35620293870989,42.9664855739803,0.3433589909318684,0.017984987554843807
2015-02-13,-1.562805,0.781405,-1.719082,4.876046,4.876055,-4.075019,-4.373902,-6.391876,-7.2143,-8.023443,-8.270498,1.0,46.104053,42.777968099999995,1.550912424302865,39.676143251394265,45.879792948605726,43.265301519315514,0.5425601632240671,0.04760904179383429
2015-02-17,0.353003,0.5099,-0.392236,-0.390695,-0.390695,-3.008442,-3.277121,-5.373611,-6.374786,-7.344192,-7.685175,0.0,45.923927,42.99637475,1.6725425993123588,39.651289551375285,46.34145994862472,43.518503946047375,0.6780774103108342,-0.003914597061065526
2015-02-18,-1.155503,1.077164,-1.194673,0.13728,0.137266,-2.0799,-3.192317,-4.820466,-5.976296,-7.065406,-7.471596,0.0,45.986965,43.23864805,1.7393240541473372,39.75999994170533,46.71729615829467,43.753595474995244,0.7815531861160139,0.0013717201196227903
2015-02-19,0.178324,0.594411,-0.495344,-1.155503,-1.155493,0.067364,-1.731726,-3.038112,-4.487818,-5.57797,-6.065653,-1.0,45.455589,43.4156248,1.7773260799546902,39.86097264009062,46.970276959909384,43.91569009642427,0.8113283929592114,-0.011622203406845574
2015-02-20,-0.019808,0.475438,-0.376385,0.019812,0.019806,0.709196,-1.582802,-2.424718,-4.192747,-5.095875,-5.787767,0.0,45.464592,43.5583769,1.8232391455816876,39.91189860883662,47.204855191163375,44.06320456343148,0.826128826890951,0.0001980418413250553
2015-02-23,0.544906,0.746718,-0.585269,-1.842316,-1.842315,1.937441,0.518672,-0.160103,-1.985869,-2.927139,-3.826433,-1.0,44.626991,43.74075755,1.7318269239565638,40.27710370208687,47.20441139791313,44.11689850977134,0.7614928611464151,-0.01859496985058901
2015-02-24,-0.611736,1.280824,-1.510229,5.570135,5.570143,-2.936348,-4.196145,-4.790676,-6.555157,-7.577141,-8.55796,1.0,47.112778,44.0244612,1.7983411383545136,40.42777892329097,47.62114347670902,44.402220365983595,0.9004705647807896,0.05420540399425269
2015-02-25,0.15224,0.399618,-0.589909,0.458799,0.458797,-2.812559,-3.834443,-4.895655,-6.34253,-7.476308,-8.552489,0.0,47.32893,44.3270783,1.820696091445773,40.68568611710845,47.96847048289154,44.6809546168423,1.016337351790284,0.00457747709146928
2015-02-26,1.176244,1.291936,-0.269958,-1.313031,-1.313034,-0.983418,-1.799075,-3.238206,-4.473583,-5.834941,-6.921198,-1.0,46.707485,44.6179869,1.7035458441478293,41.21089521170434,48.025078588295656,44.87395751047637,1.0459600213642162,-0.01321730623251192
2015-02-27,-0.399846,0.171365,-0.552171,1.272655,1.272648,-1.450869,-2.326725,-4.087325,-5.023792,-6.621471,-7.560287,1.0,47.301907,44.9255574,1.5964969722609619,41.73256345547808,48.118551344521926,45.10519079519291,1.1046671724963346,0.012646181605673015
2015-03-02,-0.114717,0.076484,-1.108983,-0.41889,-0.41889,0.015304,-1.703624,-3.172713,-4.053528,-5.708596,-6.690239,0.0,47.103764,45.194399749999995,1.4778185998471642,42.238762550305665,48.150036949694325,45.29553110041263,1.1222677248363482,-0.004197698906267023
2015-03-03,0.365451,1.134834,-0.19235,-0.592729,-0.592721,0.488549,-0.925183,-2.241461,-3.031356,-4.686289,-5.758802,-1.0,46.82457,45.40515075,1.38758964814075,42.6299714537185,48.1803300462815,45.44115385275429,1.1009960695490548,-0.005944847744326046
2015-03-04,-0.058115,0.193727,-1.142968,-0.711681,-0.711671,0.8485,-0.106556,-1.118437,-2.174552,-3.554443,-4.699735,-1.0,46.491333,45.480354649999995,1.404405438756402,42.67154377248719,48.2891655275128,45.54117091439674,1.0452002704544583,-0.007142157035013707
2015-03-05,1.335168,1.472609,-0.176713,-1.336689,-1.336705,1.849601,1.337135,0.612612,-0.64107,-1.813463,-3.121271,-1.0,45.869881,45.575823,1.3598426602229032,42.856137679554195,48.295508320445805,45.57247663683514,0.9399999803324306,-0.013457193806793166
2015-03-06,1.600813,2.066871,-0.303945,-3.102301,-3.102288,3.825731,4.35258,3.906785,2.511648,1.626746,0.1182,-1.0,44.446865,45.5632139,1.3695350608338768,42.82414377833225,48.30228402166775,45.46527552856513,0.7333489042501355,-0.031514283528775146
2015-03-09,0.404531,0.606802,-0.36408,0.182373,0.182364,2.479779,4.140376,3.481665,2.441347,1.69337,0.201595,0.0,44.52792,45.6150009,1.3051701552965511,43.004660589406896,48.2253412105931,45.37600357346369,0.5695514639662775,0.0018219773708364998
2015-03-10,1.51738,1.728133,-0.273975,-4.025077,-4.025075,4.864065,7.483663,7.324198,6.55005,5.970071,4.505091,-1.0,42.735638,45.53484345,1.4308521201826578,42.673139209634684,48.39654769036531,45.12454018551477,0.29175545845652096,-0.04108322243810017
2015-03-11,0.723997,0.767876,-0.57043,-3.940988,-1.363335,4.255104,7.741391,8.201254,7.857506,7.165819,6.018843,-1.0,42.153008,45.4651831,1.5607780552673403,42.343626989465314,48.58673921053468,44.84153712022764,0.024306560026289503,-0.013727139644344615
2015-03-12,1.392816,1.719262,-0.391732,0.811757,0.811762,1.827346,5.88259,6.865562,6.908794,6.164964,5.291118,1.0,42.49519,45.431095000000006,1.6197165459309326,42.191661908138144,48.67052809186187,44.618075489729776,-0.15821360324554945,0.008084846977716591
2015-03-13,1.36925,1.503933,-1.077439,-3.046794,-3.046799,3.451403,7.729078,9.533877,9.933496,9.161581,8.603981,-1.0,41.200447,45.29309165,1.8524667427116999,41.5881581645766,48.998025135423404,44.29258706213646,-0.40269506901983476,-0.03094178724365472
2015-03-16,-0.68554,0.06634,-1.437419,1.503933,1.503938,0.623614,4.869472,7.463505,7.79247,7.38425,7.00227,1.0,41.820076,45.0788928,1.9958850308536793,41.08712273829264,49.070662861707355,44.057109818123465,-0.5402221653498884,0.014927405499938784
2015-03-17,-0.498481,0.455134,-0.953615,2.034494,2.034492,-1.413088,1.805033,4.626789,5.261992,5.08674,4.873517,1.0,42.670902,44.91624155,2.0550683479799803,40.80610485404004,49.02637824595996,43.92509002592123,-0.5739427773993668,0.020140724638874365
2015-03-18,-3.175275,0.127005,-4.254873,2.384055,2.384051,-3.005927,-1.207158,1.634952,2.54784,2.652755,2.332383,1.0,43.688198,44.8013032,2.0563155368000032,40.68867212639999,48.913934273600006,43.9025288805954,-0.5126695842483926,0.023560761026552364
2015-03-19,0.708159,0.815455,-0.193133,-1.354792,-1.354794,-1.394843,-0.493911,2.472186,3.682511,4.055104,3.670974,-1.0,43.096313,44.6833394,2.0842874670738643,40.514764465852274,48.85191433414773,43.825746415776784,-0.506037030249793,-0.013640548769674134
2015-03-20,-0.665832,1.102786,-1.081981,3.133054,3.133048,-2.929666,-3.516849,-1.06907,0.418246,0.937786,0.502647,1.0,44.446541,44.63243685,2.0766208270564586,40.47919519588708,48.785678504112916,43.88486970951233,-0.38736328531926034,0.03084969295229566
2015-03-23,-0.202386,0.364299,-0.910749,2.808987,2.808986,-3.885848,-5.897583,-3.977624,-2.208552,-1.855878,-2.082631,1.0,45.695038,44.6858392,2.0901622003909153,40.50551479921817,48.866163600781825,44.05726668955877,-0.19037568133870764,0.027702573165475322
2015-03-24,1.242618,1.487065,-0.142595,-0.647642,-0.647635,-2.057448,-4.697493,-3.56102,-1.759827,-1.26236,-1.366499,-1.0,45.399101,44.60015535,2.0193623077373295,40.561430734525345,48.63887996547466,44.18506043341032,-0.05747865051248624,-0.006497411235520394
2015-03-25,1.585996,1.874356,-0.082391,-1.100022,-1.100024,-0.428425,-3.025743,-2.724693,-0.937659,-0.261003,-0.168957,-1.0,44.8997,44.47869385,1.9170580044420418,40.64457784111592,48.31280985888408,44.2531213445141,0.007459725781707505,-0.011061189877719684
2015-03-26,0.374612,1.186264,-0.707596,-1.029866,-1.029864,1.211237,-1.579603,-1.927387,-0.162273,0.6852,0.964407,-1.0,44.437294,44.365184299999996,1.8439607264619664,40.677262847076065,48.053105752923926,44.27066159741752,0.021365271587335144,-0.010352041383027904
2015-03-27,0.806798,0.997881,-0.318465,-1.977109,-1.97711,2.845012,0.946925,-0.085205,1.42177,2.540992,2.970099,-1.0,43.55872,44.17802495,1.7157030791237546,40.74661879175249,47.60943110824751,44.20285763575871,-0.038069224110095945,-0.019969158952020893
2015-03-30,-0.127175,0.529886,-0.805428,0.169856,0.169853,1.725307,1.191183,-0.391406,0.852035,2.275967,2.606698,0.0,43.632706,44.004472050000004,1.5738674398327188,40.85673717033457,47.15220692966544,44.14855747997216,-0.07829885778631507,0.0016970938807084307
2015-03-31,1.527865,1.527865,-0.559505,-1.504873,-1.504873,2.151924,2.808262,1.167779,1.945172,3.453585,3.945749,-1.0,42.976089,43.812048000000004,1.4405443889598755,40.930959222080254,46.693136777919754,44.036893815212906,-0.16130521057781522,-0.015163115495081599
2015-04-01,-0.195312,0.629334,-0.195312,-0.839249,-0.839255,1.944446,3.426651,2.096358,2.353238,3.886749,4.561783,-1.0,42.61541,43.61825185,1.316503143927221,40.98524556214556,46.25125813785444,43.901514404240245,-0.25327255580673125,-0.008427966308549126
2015-04-02,-0.131697,0.175588,-1.294996,-1.128474,-1.128474,2.014929,4.378845,3.204571,3.078183,4.638333,5.492467,-1.0,42.134506,43.4314831,1.2431802729537662,40.94512255409247,45.91784364590753,43.7332278895507,-0.3608031589825913,-0.011348900017621923
2015-04-06,-1.182539,0.731026,-1.225541,2.085156,2.085167,-0.322513,1.913566,1.377482,0.806064,2.102176,3.147721,1.0,43.013081,43.3597939,1.2227174161779075,40.914359067644185,45.805228732355815,43.66464247149825,-0.3708533106561873,0.0206372537978024
2015-04-07,-0.920377,0.79195,-1.113014,0.451522,0.451521,-0.967471,0.879704,1.13584,0.200125,1.282512,2.574555,0.0,43.207294,43.2937626,1.191576900782187,40.910608798435625,45.67691640156438,43.6210854742127,-0.3590083376294473,0.00450504485673058
2015-04-08,1.84036,2.246948,-0.492189,0.021402,0.021401,-0.877383,0.35309,1.198371,0.234324,0.926892,2.252087,0.0,43.216541,43.31780775,1.1845530229781511,40.9487017040437,45.6869137959563,43.58255742904959,-0.3448991725785291,0.00021399189321535234
2015-04-09,0.458113,1.374348,-0.283597,-1.904558,-1.90456,0.942409,1.710296,2.959568,2.20877,2.499774,3.849281,-1.0,42.393456,43.32983015000001,1.1732754053409091,40.98327933931819,45.676380960681826,43.46930967390201,-0.395573710814098,-0.01922930477988077
2015-04-10,-0.109123,0.305541,-0.414664,-0.04363,-0.043625,1.099953,1.268,2.891017,2.239192,2.214605,3.553796,0.0,42.374962,43.32381875,1.1780750271897136,40.967668695620574,45.67996880437943,43.365086085911344,-0.4322433266873773,-0.0004363417586354901
2015-04-13,1.936214,2.50569,-0.159453,-4.190306,-4.190312,4.332574,4.968106,6.759298,6.636671,6.305965,7.532499,-1.0,40.599319,43.293762349999994,1.241083528710756,40.81159529257848,45.77592940742151,43.10167969677693,-0.5976939678794153,-0.04280637587705269
2015-04-14,-1.249452,0.372648,-1.359051,3.917988,3.917987,-0.083291,0.668572,2.180335,2.660022,2.076288,3.090009,1.0,42.189995,43.3122583,1.2205517967173116,40.87115470656538,45.75336189343463,43.01485258279817,-0.5936176785810972,0.03843181455674754
2015-04-15,-0.932555,0.715676,-1.43136,1.074095,1.074101,-1.414013,-0.479293,0.663625,1.565815,0.982863,1.667633,1.0,42.643158,43.3108711,1.221334600094264,40.868201899811474,45.753540300188526,42.97945309872215,-0.5475093758136893,0.010683731404092248
2015-04-16,-0.085436,0.875694,-1.260145,1.539794,1.539783,-2.490381,-1.830406,-1.109205,-0.019216,-0.442538,-0.119784,1.0,43.29977,43.2914497,1.2181027035551588,40.85524429288969,45.727655107110316,43.00995947027243,-0.45276590924875393,0.015280484187208732
2015-04-17,-0.839793,0.215336,-1.162784,-0.811621,-0.811619,-1.42549,-0.837633,-0.531145,0.78166,0.414305,0.470748,-1.0,42.948341,43.2840511,1.219798520775783,40.844454058448434,45.723648141551564,43.004091044532196,-0.4014111943132832,-0.00814930184145883
2015-04-20,-0.937365,0.894764,-1.022582,1.076658,1.076666,-1.180233,-1.802301,-1.613408,-0.411164,-0.45164,-0.679023,1.0,43.410751,43.2322616,1.1894555863326743,40.853350427334654,45.61117277266535,43.04282056410055,-0.3197141248417452,0.010709107948522338
2015-04-21,1.297293,1.49189,-0.475678,-1.46996,-1.469963,0.566486,-0.438918,-0.279639,0.732974,1.122595,0.665948,-1.0,42.772629,43.08614115,1.0412608262588574,41.00361949748229,45.168662802517716,43.017088034186216,-0.3029673026080104,-0.014808740654476541
2015-04-22,-1.108785,0.167368,-1.359826,3.351349,3.351358,-1.987455,-3.44352,-3.32776,-2.668416,-2.017579,-2.487452,1.0,44.206093,43.02649075000001,0.9300142481061259,41.166462253787756,44.88651924621226,43.130326602358956,-0.17204354954616718,0.03296424159322117
2015-04-23,-2.194234,0.284437,-2.478669,2.970716,2.970704,-3.839901,-5.542461,-5.691451,-5.408369,-4.683461,-5.054176,1.0,45.519325,43.057472000000004,1.0031454866039546,41.051181026792094,45.063762973207915,43.35785025927715,0.03725189857404132,0.02927433079952764
2015-04-24,-0.803292,0.215519,-1.116771,3.697684,3.69768,-5.466296,-7.887927,-8.338553,-8.488436,-7.734321,-8.107361,1.0,47.202484,43.19573150000001,1.337999654241133,40.51973219151774,45.871730808482276,43.72400585363171,0.3350743847243507,0.03630955726401405
2015-04-27,-1.552492,0.67922,-1.649523,0.960027,0.960032,-4.583735,-7.283134,-8.560705,-8.928775,-8.342321,-8.529655,1.0,47.655643,43.400577649999995,1.6691382815147378,40.06230108697052,46.73885421302947,44.098447486619165,0.6007420147882812,0.009554530786092683
2015-04-28,0.076528,0.363495,-0.420893,1.436059,1.436071,-3.631155,-7.323522,-9.147384,-9.731212,-9.421092,-9.375049,1.0,48.340012,43.63594295,2.0022437557550976,39.63145543848981,47.64043046151019,44.50240601170306,0.8566336450117191,0.014258574405439916
2015-04-29,-1.060137,0.481881,-1.676953,-0.746124,-0.746131,-1.333851,-5.514654,-7.802625,-8.531229,-8.525061,-8.324984,-1.0,47.979332,43.886105099999995,2.216548054380973,39.45300899123805,48.31920120876194,44.833541820112295,1.0185841399729725,-0.007489288669992881
2015-04-30,-1.345297,0.701893,-1.637746,-1.13724,-1.137246,0.608308,-3.556247,-6.033663,-6.971142,-7.259113,-7.007212,-1.0,47.433689,44.12701905,2.3301063352119673,39.46680637957607,48.78723172042393,45.08117488486351,1.090333557507023,-0.011437620204201526
2015-05-01,0.789684,1.040064,-0.982277,1.228304,1.228304,-0.27349,-3.671025,-6.390595,-7.487474,-8.08628,-7.794036,1.0,48.016319,44.4211097,2.4342433685882816,39.55262296282344,49.28959643717656,45.36071241963841,1.180599641814247,0.012208217652002683
2015-05-04,0.076689,0.191714,-0.594329,0.462253,0.462255,-0.490795,-3.113496,-5.765592,-7.371547,-8.121164,-7.956287,0.0,48.238277,44.68236950000001,2.5526906597904695,39.576988180419065,49.78775081958095,45.63476618919666,1.2555728572479552,0.0046119022392196165
2015-05-05,-0.211418,0.595812,-0.345956,-0.249235,-0.249229,-0.334425,-1.760525,-4.708824,-6.629831,-7.518741,-7.558462,0.0,48.118053,44.92790745,2.6380880055021896,39.65173143899562,50.20408346100438,45.871269694987454,1.2904135148413332,-0.002495405592693612
2015-05-06,1.069829,1.556116,-0.622447,-1.191618,-1.191626,0.684693,0.126437,-2.872331,-5.048626,-6.01906,-6.293196,-1.0,47.544666,45.1443137,2.6676687541228774,39.80897619175424,50.479651208245755,46.030640771655314,1.2572644857211444,-0.011987822898286178
2015-05-07,-0.039785,0.099463,-1.432268,-2.217467,-2.217466,2.562164,2.605929,-0.212186,-2.454743,-3.554404,-4.054106,-1.0,46.490379,45.34915985,2.6018021067952963,40.145555636409405,50.552764063590594,46.074425364830994,1.1328625570859998,-0.02242421808289739
2015-05-08,-0.807087,0.354333,-1.889762,1.054305,1.054306,1.051182,1.488191,-0.6811,-2.982282,-4.148029,-4.87467,1.0,46.98053,45.579438249999995,2.527460372335492,40.524517505329015,50.634358994670976,46.1607210443709,1.0615869086443794,0.010487872603392456
2015-05-11,-0.489333,0.430615,-0.567628,0.570868,0.570866,0.058721,0.825995,-0.703332,-2.829319,-4.333527,-5.154301,1.0,47.248726,45.911908600000004,2.2611974693941446,41.389513661211716,50.43430353878829,46.264340563954626,1.0150408603366259,0.005692430049810309
2015-05-12,-1.138117,0.694446,-1.446759,1.467998,1.467999,-1.462193,-0.715664,-1.421039,-3.635224,-5.322531,-6.226851,1.0,47.942337,46.199525699999995,2.124577885427546,41.950369929144905,50.448681470855085,46.4241497483399,1.0223365334819832,0.014573285640334869
2015-05-13,0.25087,1.003474,-0.192974,-0.03858,-0.038582,-1.26592,-0.688923,-0.865817,-3.047085,-4.89309,-5.846518,0.0,47.92384,46.4635598,1.9827416040745218,42.49807659185095,50.429043008149044,46.566977391355145,1.0149264137698566,-0.0003858921010178726
2015-05-14,0.675941,1.255313,-0.444187,-0.077192,-0.077195,-0.606407,-0.51757,-0.459631,-2.493235,-4.360751,-5.406843,0.0,47.886845,46.69291355,1.8589489547535252,42.97501564049295,50.41081145950705,46.69267906836894,0.9946034833541404,-0.0007722521102644252
2015-05-15,-0.290974,0.193992,-1.14452,-0.444187,-0.444189,0.128036,-0.145483,0.050444,-1.562553,-3.48942,-4.59747,0.0,47.674137,46.92920335,1.6460870923454587,43.63702916530909,50.221377534690916,46.7861512523338,0.9503782873491957,-0.004451782450156274
2015-05-18,0.888981,1.095727,-0.310105,-6.168768,-6.16876,5.586103,5.635722,6.192542,5.056852,3.225138,1.80277,-1.0,44.733234,46.9953275,1.5189639470929286,43.957399605814146,50.03325539418586,46.590635323540106,0.6702964467487433,-0.0636723342914904
2015-05-19,0.957144,1.044159,-0.696104,-4.961749,-4.961749,8.544696,9.832493,10.822994,10.511198,8.644763,7.063297,-1.0,42.513683,46.9823802,1.5574672443920086,43.867445711215986,50.09731468878402,46.20235414986962,0.26616220187091244,-0.050890738244866715
2015-05-20,-0.086978,0.456619,-0.391392,0.043509,0.043501,5.962164,8.606218,9.920997,10.266362,8.587084,6.963109,0.0,42.532177,46.89868439999999,1.7478530935404657,43.40297821291906,50.39439058708093,45.85281346892966,-0.0520250749065454,0.0004349182968228905
2015-05-21,0.237684,0.583405,-0.345722,0.630565,0.630572,2.921348,7.063525,8.510515,9.257779,7.859983,6.324547,1.0,42.800373,46.7627368,1.9543299736666688,42.85407685266666,50.67139674733334,45.562104852841124,-0.279329669818722,0.006285922150403839
2015-05-22,0.76303,1.090037,-0.283403,-0.885912,-0.885911,1.364727,6.945714,8.601117,9.670808,8.774361,7.27854,-1.0,42.4212,46.5236726,2.1774107948962236,42.16885101020755,50.87849418979245,45.26297105733245,-0.48448149010810937,-0.008898580223484057
2015-05-26,0.92961,1.438694,-0.951749,-1.504249,-1.504255,1.500667,7.270918,9.22975,10.642987,10.279773,9.011365,-1.0,41.783077,46.2300443,2.4011924198957093,41.42765946020859,51.03242913979142,44.93155257568174,-0.6905962155187808,-0.0151568361846855
2015-05-27,-0.575226,0.575217,-1.106195,0.04427,0.044262,1.11505,5.754431,8.174048,9.811955,10.138062,8.932162,0.0,41.801571,45.90312225,2.5398987469268794,40.82332475614624,50.98291974385376,44.63345909228348,-0.842736764310402,0.00044252146163973975
2015-05-28,0.291678,0.291678,-1.00965,-1.393807,-1.393799,1.907112,5.622616,8.67998,10.544089,11.404982,10.356744,-1.0,41.218941,45.5651027,2.6942081150945683,40.17668646981086,50.953518930189134,44.30826689301839,-0.9988089690410433,-0.014036038836170337
2015-05-29,0.806635,1.18754,-0.179256,0.134622,0.134618,1.030698,3.878559,7.691391,9.649342,10.843831,10.044817,0.0,41.274429,45.2571397,2.818527348151978,39.62008500369605,50.89419439630396,44.01932995082616,-1.1052789303651522,0.0013452719501776233
2015-06-01,1.295169,1.522386,-0.772552,-1.389207,-1.389197,1.608722,3.62872,8.179958,10.295387,11.766417,11.411043,-1.0,40.701046,44.89137605,2.9146372011636763,39.06210164767265,50.72065045232735,43.70330290789034,-1.2218397498599458,-0.013989363306520805
2015-06-02,-2.175844,0.444052,-2.220249,2.340384,2.340382,-0.777093,0.519533,4.810533,6.982676,8.634098,8.722612,1.0,41.653606,44.5621425,2.8884580168991656,38.78522646620167,50.33905853379833,43.50809367856745,-1.2232505372150086,0.02313415113258718
2015-06-03,0.067581,1.058802,-0.315384,-1.443166,-1.443167,0.310881,1.635503,5.226402,7.688668,9.514756,10.174965,-1.0,41.052475,44.2088636,2.8626244072734406,38.48361478545312,49.93411241454688,43.2742252329896,-1.2583691479665262,-0.014536817089231737
2015-06-04,1.044086,1.670538,-0.162411,-2.906062,-2.906066,2.631096,4.006966,7.027074,9.947802,11.977733,13.109056,-1.0,39.859463,43.82460345,2.9067466179210135,38.01111021415797,49.63809668584202,42.94900978222869,-1.3667123883220782,-0.029491283865994734
2015-06-05,-0.582615,1.025397,-0.932188,-0.440831,-0.440821,2.283843,3.682117,6.122884,9.577013,11.69237,13.119699,0.0,39.683754,43.4842722,2.975851137027123,37.53256992594575,49.43597447405425,42.638033041064055,-1.4500382958562383,-0.004417957744800019
2015-06-08,0.023343,0.303519,-1.120719,-0.186432,-0.186439,1.923882,3.165999,4.963805,8.851266,11.05206,12.692033,0.0,39.609768,43.115734100000005,2.976483861466961,37.162766377066085,49.068701822933924,42.349626846677,-1.504699490695181,-0.0018661302866832589
2015-06-09,1.445158,1.729448,-0.142139,-1.44759,-1.44759,2.080078,3.977731,5.532656,9.398248,11.740347,13.61131,-1.0,39.036381,42.70511685,2.942582436558922,36.81995197688216,48.59028172311785,42.034079623183956,-1.5761179141080817,-0.014581697056963069
2015-06-10,-3.032392,0.895932,-3.032392,3.127221,3.127216,-1.410516,0.441081,1.958808,5.126355,7.570877,9.496905,1.0,40.257133,42.32085665,2.715724857460717,36.88940693507857,47.75230636492144,41.86484661145215,-1.5167291357095465,0.03079314810181163
2015-06-11,-0.045948,0.229731,-0.735125,0.0,0.0,-1.212951,0.202165,1.582056,4.174138,6.846778,8.857499,0.0,40.257133,41.9375213,2.406730492413778,37.12406031517244,46.75098228482756,41.71173102940909,-1.4529148035088753,0.0
2015-06-12,0.300233,0.669748,-0.415704,-0.528371,-0.528361,-0.508088,0.427248,1.662813,3.748263,6.770434,8.820626,-1.0,40.04443,41.54540055,1.989033752860056,37.567333044279884,45.52346805572011,41.55294045517965,-1.4033281466165093,-0.0052976178671534395
2015-06-15,-0.23315,0.396367,-0.536253,-0.946882,-0.946891,0.470974,1.126141,2.17145,3.730478,7.053396,9.159093,-1.0,39.665253,41.14495635,1.4130087964909452,38.31893875701811,43.97097394298189,41.3731606975435,-1.378733596098371,-0.009514022534690953
2015-06-16,-0.81206,0.139216,-1.136884,0.489622,0.489622,0.394434,0.1833,1.3519,2.613695,5.790261,7.926534,0.0,39.859463,40.9012678,1.1590458369674081,38.58317612606518,43.219359473934816,41.22899901206317,-1.3282597619761987,0.004884277388478937
2015-06-17,-0.36715,0.550707,-1.560349,1.113698,1.113693,-0.688389,-1.106011,-0.012236,1.209272,3.866913,6.091481,1.0,40.303375,40.790752399999995,1.1011400250839543,38.58847234983209,42.9930324501679,41.14084434424763,-1.2381660883821795,0.011075369802960307
2015-06-18,0.248419,1.761522,-0.903338,1.606234,1.606243,-1.919603,-2.40289,-1.636555,-0.583785,1.543812,3.877598,1.0,40.950745,40.7116808,1.0235559629889501,38.6645688740221,42.758792725977905,41.12273964479547,-1.1018276707414856,0.015934790707457465
2015-06-19,0.502164,0.935859,-0.091306,-1.061423,-1.061417,-0.634569,-1.150432,-0.706089,0.200857,1.905491,4.500484,-1.0,40.516087,40.5974665,0.8979624033802,38.801541693239606,42.3933913067604,41.064963202434,-1.0171269541199592,-0.010670897929704786
2015-06-22,0.705189,1.000917,-0.090994,0.342383,0.342375,-0.486804,-1.230663,-1.052469,-0.358278,0.867155,3.625268,0.0,40.654804,40.5091467,0.7894591435795556,38.93022841284089,42.088064987159115,41.02590042124981,-0.9281090598538668,0.003417903470881265
2015-06-23,-1.188072,0.134492,-1.546745,1.478622,1.478625,-1.25981,-2.131815,-2.558475,-1.874025,-0.939704,1.631169,1.0,41.255936,40.482789649999994,0.7526294613549132,38.977530727290166,41.98804857270982,41.04780857160697,-0.7998354041199889,0.014677996864986345
2015-06-24,0.585724,1.26155,-0.202748,-0.493167,-0.493168,-0.405495,-1.45303,-2.075543,-1.478937,-0.591124,1.575429,0.0,41.052475,40.44533485,0.7003709890563797,39.04459287188724,41.846076828112764,41.048252993358695,-0.7064516749368082,-0.0049438790505859365
2015-06-25,1.661285,1.915085,-0.230729,-2.365395,-2.365397,1.573606,0.890632,0.333794,0.766035,1.57268,3.384094,-1.0,40.081421,40.38845885,0.6801369889611063,39.02818487207779,41.74873282792221,40.95617375589596,-0.7027000503638021,-0.023938216167414993
2015-06-26,1.522607,1.522607,-0.655889,-1.499772,-1.499767,2.595454,2.283905,1.827123,2.073083,2.78285,4.248455,-1.0,39.480293,40.29875205,0.6754342095196427,38.94788363096071,41.649620469039284,40.81561368390587,-0.7397059963494641,-0.015111274222972343
2015-06-29,0.55116,1.629523,-0.311531,-2.248768,-2.24878,3.8869,4.358982,3.993936,4.148103,4.750546,5.862297,-1.0,38.592468,40.193323150000005,0.7676099555857522,38.6581032388285,41.72854306117151,40.60388552353388,-0.8310932076334012,-0.022744508120109915
2015-06-30,2.087944,2.259892,-0.5404,-2.444287,-2.444285,4.573821,6.386645,6.353892,6.225751,6.935896,7.887505,-1.0,37.649158,39.993100749999996,0.8806052330674072,38.231890283865184,41.75431121613481,40.322482902244936,-0.9684715274982167,-0.024746537778856697
2015-07-01,0.716219,1.13608,-0.370467,-0.5404,-0.5404,3.215606,6.201531,6.431217,6.321313,7.051617,8.022556,-1.0,37.445702,39.8127621,1.0117824805203588,37.78919713895928,41.83632706104072,40.0485037686978,-1.081297509984914,-0.005418653096079141
2015-07-02,-0.121092,0.992976,-0.363289,1.975794,1.975792,0.222816,3.419719,4.007431,4.042145,4.659728,5.550178,1.0,38.185551,39.7290665,1.0749763250902447,37.579113849819514,41.87901915018049,39.87107969548849,-1.0983521628165391,0.0195652609642151
2015-07-06,4.294016,4.294016,-1.414501,-4.117222,-4.117207,2.960332,6.794635,7.848773,8.090417,8.644597,9.519229,-1.0,36.613373,39.57554745,1.2812419690041332,37.01306351199174,42.138031388008265,39.56082191496578,-1.2246131453733256,-0.042043641801094496
2015-07-07,-1.154737,0.487552,-2.848345,-1.56605,-1.566051,3.181925,7.213231,8.89401,9.314846,9.855776,10.671445,-1.0,36.039989,39.3970585,1.5052867375301044,36.38648502493979,42.40763197506021,39.225504494492846,-1.3553198964320785,-0.01578442866138248
2015-07-08,1.470982,2.1931,-0.882584,-4.054406,-4.054396,5.766238,9.81277,12.477475,13.289633,13.679577,14.653634,-1.0,34.578785,39.1741787,1.851656985375844,35.47086472924831,42.877492670751685,38.78295978073162,-1.5588435116897088,-0.04138878380251542
2015-07-09,1.484372,2.1875,-0.364594,2.701265,2.701249,1.895834,5.364579,8.619787,9.641921,10.065618,11.047736,1.0,35.512844,38.93696425,2.0033026166294277,34.93035901674115,42.943569483258855,38.471520182566714,-1.6260229081258686,0.02665409014226604
2015-07-10,1.064094,1.114768,-0.304036,2.786456,2.786462,-1.788701,1.527735,4.862757,6.155298,6.71395,7.606611,1.0,36.502396,38.7492274,2.0484985598001857,34.65223028039963,42.846224519600376,38.28398454613179,-1.5811875417083172,0.027483468406184954
2015-07-13,-1.826705,1.234263,-2.641321,2.634905,2.634893,-3.855823,-1.616874,1.627592,3.085668,3.737359,4.505071,1.0,37.464195,38.62021565,2.0438799339260716,34.532455782147856,42.70797551785214,38.2059093512621,-1.4513161800796581,0.02600777459489157
2015-07-14,1.276591,1.276591,-0.100128,-1.382367,-1.382363,-2.01752,-0.683355,2.382977,4.162701,4.903126,5.631203,-1.0,36.946304,38.4842682,2.0610638728028436,34.362140454394314,42.60639594560569,38.08594693685619,-1.374339139714408,-0.013920061536920556
2015-07-15,1.73072,1.857977,-0.789007,-1.652065,-1.652068,0.595573,0.623572,3.200137,5.427591,6.368032,6.917791,-1.0,36.335926,38.30809135,2.0877480853342996,34.132595179331396,42.4835875206686,37.91927827620322,-1.3470586307135548,-0.01665866651421832
2015-07-16,1.230223,1.305538,-0.22596,1.374398,1.3744,-0.050216,-0.906353,1.037741,3.527489,4.554352,5.086614,1.0,36.835327,38.134688950000005,2.057101428155675,34.02048609368865,42.248891806311356,37.81604482132673,-1.2704956606335287,0.013650408708380928
2015-07-17,0.960561,1.314462,-0.429732,-0.677883,-0.677887,0.677453,-0.667335,1.09033,3.637516,4.866534,5.505563,-1.0,36.585625,37.916432949999994,1.9724200102840614,33.97159292943187,41.861272970568116,37.69886198120037,-1.2159510925009371,-0.006801953827493268
2015-07-20,0.587784,0.868899,-0.178891,-1.086956,-1.086949,1.078453,0.306668,1.59468,4.178375,5.592634,6.342953,-1.0,36.187958,37.7000265,1.9085839705955998,33.8828585588088,41.5171944411912,37.5549663639432,-1.191082475388491,-0.010928992137144213
2015-07-21,-1.033266,1.184481,-1.209675,1.405569,1.405561,-0.458665,-0.904732,-0.157925,2.195065,3.805448,4.604338,1.0,36.696602,37.5021164,1.7874407635753955,33.927234872849205,41.07699792715079,37.47321737690099,-1.1174493369056506,0.013957750660985313
2015-07-22,1.35278,1.936337,-0.26526,-4.989917,-4.989909,3.925724,4.381957,4.553488,6.645882,8.684343,9.699373,-1.0,34.865475,37.18259335,1.6467314016712489,33.8891305466575,40.4760561533425,37.22486096005328,-1.1930978997819963,-0.05118707765971106
2015-07-23,2.681479,2.925249,-0.650049,-2.068973,-2.068981,4.544971,6.186358,6.117743,7.887334,10.258948,11.420197,-1.0,34.144115,36.83717535,1.511236104018396,33.81470314196321,39.8596475580368,36.93145658290535,-1.296314547052269,-0.020906841356601952
2015-07-24,0.688705,0.716259,-1.404953,-1.679304,-1.679303,4.534439,7.126725,7.013781,8.760336,11.262816,12.659325,-1.0,33.570732,36.511640899999996,1.4764453300190272,33.55875023996194,39.464531560038054,36.6113875750096,-1.4081494297050199,-0.016935627264355047
2015-07-27,0.495595,1.459246,-0.523125,0.055099,0.055111,2.929505,5.914088,6.354618,7.823504,10.376642,11.956671,0.0,33.589233,36.2170879,1.4402168821530275,33.33665413569395,39.09752166430606,36.32356332977059,-1.4782462018152458,0.0005509532492458683
2015-07-28,-0.855158,0.454308,-1.229287,3.028629,3.028616,-1.304109,2.12454,2.952085,4.078042,6.432932,8.178345,1.0,34.606522,36.0177906,1.368198437211164,33.28139372557767,38.754187474422324,36.16003558407816,-1.4351679554421608,0.029836592223497854
2015-07-29,-2.08877,0.600522,-2.08877,2.351686,2.351681,-3.25848,-0.480408,0.745006,1.372074,3.32847,5.275033,1.0,35.420357,35.90635055,1.3181837969023213,33.269982956195356,38.54271814380464,36.08959000464215,-1.3201406916975316,0.023244549945120572
2015-07-30,0.760548,1.049037,-0.629431,-0.443859,-0.443846,-2.192508,-0.482568,1.146946,1.514549,3.132434,5.267936,0.0,35.263145,35.7972227,1.2736291839489302,33.24996433210214,38.34448106789786,36.01088095658099,-1.2275164059523362,-0.004448343808414969
2015-07-31,2.215278,2.267404,-0.10424,0.62942,0.629402,-1.725294,-1.415155,0.323183,0.499105,1.969263,4.096099,1.0,35.485092,35.66219975,1.1436134843622834,33.37497278127543,37.94942671872457,35.96080581785899,-1.1232535563690433,0.006274297071502281
2015-08-03,0.589962,0.911773,-0.563151,-2.814694,-2.814667,1.641171,0.946616,2.653061,3.101351,4.343238,6.528095,-1.0,34.486305,35.55584635,1.149392545020389,33.25706125995922,37.854631440040784,35.82037716853909,-1.108440844514682,-0.02855037591088621
2015-08-04,-0.338897,0.938478,-0.495315,2.869402,2.869394,-0.703866,-2.213252,-0.486627,0.145977,1.081326,3.070029,1.0,35.475853,35.52763955,1.1437945524849553,33.24005044503009,37.815228654969914,35.78756534296394,-1.0052653369989883,0.02828997915173349
2015-08-05,2.462167,2.667343,-0.461659,1.642338,1.642328,-1.954346,-3.462429,-2.145851,-1.266993,-0.728393,0.924167,1.0,36.058483,35.601624449999996,1.1269205382341005,33.3477833735318,37.855465526468194,35.81336702458642,-0.8664962033385493,0.016289880256778234
2015-08-06,-1.644396,0.128476,-2.081185,-0.179543,-0.179528,-1.372049,-2.774929,-2.125735,-1.022617,-0.711209,0.637197,0.0,35.993748,35.62566965,1.1300527134347698,33.36556422313046,37.885775076869535,35.830546165102,-0.7530633925978876,-0.0017968914083489698
2015-08-07,-0.776395,0.87992,-0.983439,-0.719422,-0.719439,-0.517586,-1.464796,-1.575217,-0.412778,-0.266037,0.961015,-1.0,35.734795,35.587289600000005,1.111593504179632,33.364102591640744,37.81047660835927,35.82142700652086,-0.6762668327002359,-0.007220392724883937
2015-08-10,-3.499494,0.025174,-3.952666,2.795036,2.795041,-1.998992,-3.288018,-4.152402,-3.220042,-2.964754,-2.033402,1.0,36.733597,35.5507597,1.057348231115493,33.43606323776901,37.66545616223099,35.90830033923315,-0.5287153304134691,0.027566921900625537
2015-08-11,0.713908,0.793228,-1.26917,-4.783487,-4.783493,2.638822,1.676369,0.334926,1.360398,1.788479,2.543635,-1.0,34.976448,35.4522669,1.0112523178680326,33.429762264263935,37.47477153573606,35.81955249740142,-0.547258485825111,-0.04901686518812119
2015-08-12,-2.228055,0.183484,-2.857145,0.872559,0.872561,1.310615,0.757537,-0.454348,0.334207,0.98768,1.43294,1.0,35.281639,35.399552549999996,0.9900206850258789,33.41951117994824,37.379593920051754,35.76832264050605,-0.5312043143006164,0.008687766280339265
2015-08-13,-0.053022,0.58324,-1.086956,-1.127132,-1.127133,1.829268,1.797458,0.821848,1.198306,2.066811,2.344472,-1.0,34.883968,35.3019846,0.9357425207706235,33.43049955845875,37.173469641541246,35.68409838902928,-0.544295692003061,-0.011335332937277332
2015-08-14,-0.739184,0.237592,-0.923976,0.424178,0.424183,0.997885,1.23812,0.674056,0.5491,1.46779,1.612107,0.0,35.03194,35.22430035000001,0.8867789671170033,33.450742415766,36.99785828423401,35.621988066264585,-0.5365456353083644,0.0042328627395077575
2015-08-17,-0.215175,0.080686,-1.613765,-1.847943,-1.847939,1.533078,3.114575,2.723682,2.179931,3.019899,3.309124,-1.0,34.384571,35.134131,0.8752461571093928,33.38363868578121,36.884623314218786,35.50413882185843,-0.5760011449030173,-0.018652270454372972
2015-08-18,-0.680828,0.054469,-1.388894,-1.237222,-1.237226,2.205882,3.959694,3.883441,3.056915,3.958604,4.399055,-1.0,33.959156,34.997258699999996,0.8309674440959198,33.33532381180816,36.65919358819183,35.35699760072906,-0.6342857048999448,-0.012449437957109394
2015-08-19,-0.083123,0.858969,-1.246886,-1.715689,-1.71569,2.848438,4.970909,5.288634,4.632865,5.418678,6.101416,-1.0,33.376522,34.92281105,0.9066480320136323,33.10951498597274,36.73610711402726,35.1683808768501,-0.719199845012632,-0.01730578968946583
2015-08-20,1.700588,1.700588,-0.05576,-0.60959,-0.609593,2.447736,4.764434,5.514367,5.12825,5.62365,6.517061,-1.0,33.173061,34.87425835,0.9740396844496669,32.92617898110066,36.822337718899334,34.97835041238818,-0.7937625149583241,-0.006114587792965787
2015-08-21,2.450978,3.085352,-0.115343,-3.317533,-3.317526,4.117645,7.217414,8.425606,8.502017,8.68512,9.711648,-1.0,32.072536,34.799348550000005,1.1254133848548329,32.548521780290336,37.05017531970967,34.70160618263692,-0.9309260026370509,-0.033738043286255764
2015-08-24,-0.932259,4.070858,-1.833437,-7.208766,-7.20876,9.09881,13.203844,15.790338,16.288058,16.264751,17.372065,-1.0,29.760504,34.6079121,1.5770920427756459,31.453728014448707,37.76209618555129,34.231025022385786,-1.212217031415122,-0.07481794229230333
2015-08-25,3.85784,4.25274,-0.091127,2.299559,2.299558,4.337787,9.170716,12.085864,12.990583,12.82989,14.02187,1.0,30.444864,34.3998292,1.8313377997838611,30.737153600432276,38.06250479956772,33.87043825834904,-1.3641944809544597,0.022735164673432878
2015-08-26,1.085678,1.085678,-2.992961,3.523706,3.523704,-0.393201,4.260553,7.310239,8.525518,8.564542,9.631248,1.0,31.517651,34.2046939,1.9225268882013693,30.359640123597263,38.04974767640274,33.64636328136341,-1.3821403063091608,0.034630428122152515
2015-08-27,-3.472222,0.611114,-3.638892,5.633797,5.633789,-5.633328,-1.777774,1.046298,2.44167,2.672225,3.429632,1.0,33.293289,34.1062011,1.9158948247270737,30.274411450545852,37.937990749454144,33.6127371593288,-1.2388032030251281,0.054808107043714964
2015-08-28,-2.234941,0.626871,-2.452979,1.916664,1.91666,-6.312337,-3.949296,-1.208313,0.286192,0.783874,1.223776,1.0,33.931408,34.0285169,1.8883426654917856,30.251831569016428,37.80520223098357,33.64308676320225,-1.0614805585373546,0.018985229990612956
2015-08-31,-2.389359,0.461575,-3.339679,0.381584,0.381599,-4.143373,-4.409462,-2.106992,-0.157494,0.456135,0.630812,0.0,34.06089,34.00724615,1.885308178088868,30.236629793822264,37.77786250617773,33.682877547659174,-0.9001268677445111,0.003808730116070282
2015-09-01,0.997641,2.494125,-0.762917,-7.466739,-7.466743,4.272294,2.529334,5.060632,7.271116,8.170177,8.203236,-1.0,31.517651,33.80933605,1.9302476167635134,29.948840816472973,37.669831283527024,33.47666549550116,-0.9663317667786728,-0.07760206715039811
2015-09-02,1.002297,1.260032,-2.233674,2.464777,2.464778,2.245135,-0.272048,1.916764,4.107962,5.180987,5.335052,1.0,32.294491,33.62113645,1.882313429804364,29.856509590391273,37.38576330960873,33.364077448310574,-0.9452192316427173,0.024348920305579218
2015-09-03,-0.171431,1.771426,-0.542854,0.229101,0.229098,1.440001,-0.748571,1.165714,3.309998,4.582856,4.911426,0.0,32.368477,33.4398729,1.8151658435428026,29.809541212914393,37.070204587085605,33.269258357995284,-0.9120043254063717,0.002288358687345174
2015-09-04,0.0,0.711117,-0.740741,-3.571429,-3.571428,3.454818,2.651853,4.096789,6.41185,7.90874,8.545183,-1.0,31.21246,33.21375615,1.7958114840860542,29.622133181827895,36.80537911817211,33.07337280009097,-0.9678059193761115,-0.03636764302664313
2015-09-08,-0.512528,0.797275,-1.594527,4.059256,4.059257,-1.554667,-0.515374,-0.354972,1.605923,3.452165,4.197039,1.0,32.479454,33.001048999999995,1.5980065253485696,29.805035949302855,36.197062050697134,33.016809104844214,-0.8994252432056626,0.0397903307401291
2015-09-09,3.877791,4.112802,-0.117512,-3.075165,0.472265,-1.333926,-0.312512,-1.094305,0.769243,2.617409,3.505661,0.0,32.632843,32.88386875,1.530008986480481,29.823850777039034,35.94388672296096,32.98024090438286,-0.8233646195028257,0.004711530411854865
2015-09-10,0.294643,1.208011,-0.589266,-0.293778,-0.293787,-0.894155,0.2945,-0.974897,0.644385,2.486849,3.515248,0.0,32.536972,32.7466354,1.4229694269719526,29.900696546056096,35.59257425394391,32.93802481825116,-0.7620377192284948,-0.0029421924600801118
2015-09-11,0.088048,0.322865,-1.320813,0.383032,0.383029,-1.09282,-0.281596,-1.457141,-0.079852,1.687711,2.854762,0.0,32.661598,32.6355169,1.331087646040123,29.973341607919753,35.29769219208025,32.91169845460819,-0.6953637122417291,0.003822971938962318
2015-09-14,-0.674289,0.263852,-2.345353,0.117408,0.117413,-0.299035,-0.775135,-1.444795,-0.553609,1.197221,2.450229,0.0,32.699947,32.51891725,1.2064190182288785,30.106079213542245,34.93175528645776,32.89153164940741,-0.6321426901040397,0.0011734424086960302
2015-09-15,-1.550158,0.321732,-1.696397,0.234529,0.234542,-0.350987,-1.399132,-1.061934,-1.031592,0.477527,2.036633,0.0,32.776642,32.438520800000006,1.126475090288377,30.185570619423252,34.69147098057676,32.88058977803528,-0.5692885252941267,0.002342670449001233
2015-09-16,-1.633337,0.619549,-1.77414,3.860775,3.860768,-3.227259,-4.322817,-4.035249,-4.69832,-3.367268,-1.89672,1.0,34.042072,32.4426666,1.1325025325440141,30.177661534911973,34.70767166508803,32.99120713250811,-0.4126102078471092,0.03788104386212541
2015-09-17,-0.084802,2.148101,-0.621823,-0.366086,-0.366094,-2.057658,-3.49276,-3.210943,-4.268403,-3.173085,-1.746666,0.0,33.917446,32.4697128,1.1620520907343148,30.145608618531373,34.79381698146863,33.07942035798352,-0.2950961049145846,-0.0036676581403290312
2015-09-18,0.520234,1.820815,-0.346815,-2.204644,-2.204638,0.456652,-1.075611,-1.053833,-2.110797,-1.197007,0.184497,-1.0,33.169689,32.4695442,1.1619449119930423,30.145654376013916,34.79343402398609,33.0880173715089,-0.2593138635296697,-0.0222930363046947
2015-09-21,0.43923,1.142018,-0.234266,-1.300567,-1.300561,1.803796,0.693985,0.00702,-0.719233,-0.175322,1.19953,-1.0,32.738297,32.50283225,1.1595065707085184,30.18381910858296,34.821845391417035,33.054710669460434,-0.2627372372192127,-0.013090922265486525
2015-09-22,-0.426177,0.51751,-1.035008,-3.806746,-3.806747,5.016743,4.365297,3.420882,3.484614,3.407735,4.649592,-1.0,31.492033,32.5894087,0.9972619230981926,30.594884853803613,34.58393254619639,32.90588422474992,-0.3618422822783245,-0.03881096150055481
2015-09-23,1.866246,2.270603,0.0,-2.130886,-2.130895,5.213062,6.049763,5.52196,5.798789,5.251943,6.478696,-1.0,30.820971,32.60821405,0.9574451372678533,30.693323775464293,34.52310432453571,32.70732106048802,-0.4888971377260276,-0.021539258295268805
2015-09-24,-1.393623,0.464534,-2.105915,0.435456,0.435457,2.842986,5.078971,4.77601,5.249226,4.48272,5.551154,0.0,30.955183,32.58009065,0.9985433601624806,30.58300392967504,34.57717737032496,32.54045076901297,-0.5721636924189397,0.004345113849603118
2015-09-25,0.596172,1.16097,-0.376533,-1.300712,-1.300706,2.485093,5.773449,5.760556,6.187722,5.51656,6.469592,-1.0,30.552547,32.44305355,1.080238424731261,30.28257670053748,34.60353039946252,32.351126600535544,-0.6629997487462198,-0.013092395096696264
2015-09-28,1.44357,1.5748,-1.082677,-4.361471,-4.361476,4.750659,9.406171,10.129048,10.224086,9.938021,10.661997,-1.0,29.220005,32.2074834,1.2404235928961396,29.726636214207723,34.68833058579228,32.05292454334168,-0.8329116931764702,-0.04459447622627406
2015-09-29,0.227787,0.423043,-1.008786,0.82021,0.820205,2.518718,7.390179,8.549741,8.546441,9.002793,9.204477,1.0,29.459669,31.97742235,1.303662236766228,29.370097876467547,34.584746823532456,31.80594782492819,-0.937423220087048,0.008168597959492483
2015-09-30,-1.707783,0.158125,-1.739409,2.896196,2.8962,-0.702088,3.137254,4.984185,5.292482,5.917295,5.729759,1.0,30.31288,31.917183800000004,1.352928737501233,29.211326324997536,34.62304127500247,31.663750889220744,-0.9405601688621488,0.028550529303894685
2015-10-01,1.05952,1.932063,-1.028358,1.486398,1.486401,-2.281085,0.601433,3.062219,3.501495,4.267933,3.898073,1.0,30.763451,31.8406318,1.37361301688421,29.09340576623158,34.58785783376842,31.57800804262829,-0.8963562721034748,0.014754624800233002
2015-10-02,-3.357532,0.030245,-3.8415,3.022752,3.022753,-4.428317,-2.816095,-0.16536,0.358188,1.00672,0.69401,1.0,31.693354,31.806875650000002,1.3682436364469615,29.070388377106077,34.54336292289393,31.588993371901786,-0.7773284068697102,0.029779676404294436
2015-10-05,-1.83976,0.860537,-2.077154,1.935874,1.93587,-4.332344,-4.795252,-2.142433,-1.378339,-1.112639,-1.194094,1.0,32.306896,31.861597449999998,1.3651011761697138,29.13139509766057,34.59179980233942,31.65736505076828,-0.626270992149589,0.019173699986944348
2015-10-06,-2.07299,0.175185,-2.189781,1.632044,1.632048,-3.813138,-5.915328,-3.70219,-2.90803,-2.850058,-2.468721,1.0,32.83416,31.879332750000003,1.375812938294293,29.127706873411416,34.63095862658859,31.76944076021892,-0.45872322856944336,0.016188730964883716
2015-10-07,0.813011,2.130648,-1.373698,4.14598,4.145969,-5.371448,-8.673943,-7.505827,-6.544702,-6.404285,-5.985761,1.0,34.195454,31.957463299999993,1.462494550117814,29.032474199764366,34.88245240023562,32.00048964019807,-0.21363274452722436,0.04062327439882049
2015-10-08,-2.679528,0.509105,-3.108253,4.625742,4.625755,-6.752416,-11.363883,-11.248663,-10.223744,-10.152993,-9.745492,1.0,35.777252,32.1194773,1.691603109614843,28.736271080770315,35.502683519229684,32.36018129351254,0.10700759191072251,0.04521956119125629
2015-10-09,0.344282,0.900424,-0.556141,1.178987,1.178981,-5.349572,-10.836859,-11.724922,-10.781243,-10.776649,-10.529603,1.0,36.199059,32.29635035,1.9206949264043605,28.454960497191276,36.137740202808715,32.725788694130394,0.39065049263093243,0.011720851570692178
2015-10-12,1.807876,1.969779,-0.242849,-1.853806,-1.853813,-1.748513,-7.377221,-9.534083,-8.698051,-8.605499,-8.689864,-1.0,35.527996,32.4377528,2.051611193542978,28.33453041291404,36.540975187085955,32.99266558040369,0.554893887866065,-0.01871211861618529
2015-10-13,-0.469878,1.630735,-0.912112,-2.37453,-2.374522,1.708122,-3.618022,-6.720103,-6.202321,-6.128247,-6.409029,-1.0,34.684376,32.5331395,2.1116663258407997,28.3098068483184,36.7564721516816,33.15378085846048,0.609953711621614,-0.024031679212906623
2015-10-14,-0.109073,0.409059,-1.090805,1.354334,1.354342,0.894461,-3.528773,-7.144807,-7.29752,-7.095721,-7.314821,1.0,35.154121,32.58874195,2.167394662613394,28.253952624773213,36.923531275226786,33.34428944336901,0.6836132463403857,0.0134525255932156
2015-10-15,-0.682128,0.218276,-1.200554,-0.05453,-0.054526,0.583886,-2.23194,-6.301061,-7.073684,-6.749265,-6.994776,0.0,35.134953,32.6496173,2.223061106020003,28.203495087959997,37.09573951204001,33.514828829714816,0.7320041724438155,-0.0005454048370349783
2015-10-16,0.998328,1.220186,-0.471442,-1.609825,-1.60983,1.286739,0.199659,-3.993352,-5.350811,-5.002781,-5.260835,-1.0,34.56934,32.719599849999994,2.261984718485108,28.19563041302978,37.243569286970214,33.61525846498007,0.7164552379385896,-0.016229284892533457
2015-10-19,0.425776,0.766392,-0.425768,-2.301722,-2.30173,2.634126,2.994609,-0.832621,-2.967638,-2.637522,-2.77604,-1.0,33.773647,32.771367350000006,2.274249335916577,28.22286867816685,37.31986602183316,33.630343087362924,0.6326342067685289,-0.023286338224805605
2015-10-20,-1.488269,0.715512,-1.488269,-0.823165,-0.82316,2.776193,4.046937,0.793742,-1.863193,-1.74356,-1.867964,-1.0,33.495636,32.871547500000005,2.2590069807867854,28.353533538426433,37.38956146157358,33.61751384094741,0.5375754364014611,-0.008265662139868783
2015-10-21,1.585011,1.757925,-0.230553,-0.686886,-0.686895,2.351593,4.487036,2.082617,-0.816999,-1.157345,-1.125837,-1.0,33.265556,32.99377675,2.2077699771755124,28.578236795648976,37.40931670435103,33.58399404657147,0.4386190158984675,-0.006892654370195218
2015-10-22,-0.932736,0.847934,-0.989265,1.959654,1.959655,-0.333519,1.930473,0.740535,-2.286599,-3.057091,-2.890519,1.0,33.917446,33.1418899,2.162713542508352,28.816462814983296,37.46731698501671,33.61575137546943,0.4080931705938653,0.019407005959174207
2015-10-23,0.58741,1.146853,-0.699301,1.045786,1.045792,-1.538464,0.313287,0.199533,-2.755245,-3.931748,-3.738928,1.0,34.272152,33.32787015,2.0869303844988516,29.1540093810023,37.50173091899771,33.678265720662814,0.40782191093249054,0.010403616085294437
2015-10-26,1.896948,1.896948,-0.056628,-1.202797,-1.202807,-0.288782,1.041913,1.725188,-0.886174,-2.629662,-2.452803,-1.0,33.859924,33.5598661,1.8507803895644848,29.858305320871033,37.26142687912897,33.695566509171115,0.37007755751194793,-0.012100997196735188
2015-10-27,0.203666,1.280192,-0.349139,-2.689697,-2.689693,2.135587,3.308127,4.560186,2.3829,0.238588,0.260895,-1.0,32.949196,33.73434245,1.5900154705558474,30.554311508888304,36.914373391111695,33.62448360353577,0.26363769591452524,-0.027265272122307924
2015-10-28,-1.728684,1.552883,-1.728684,-0.698278,-0.698263,2.519763,3.290349,4.994616,3.470541,1.175493,0.831124,-1.0,32.719124,33.85465465,1.3967932716463751,31.06106810670725,36.64824119329275,33.53825887938951,0.15888690183205512,-0.007007121283819788
2015-10-29,0.275061,2.139355,-0.122252,-4.131263,-4.131269,5.31173,6.540336,8.581901,8.025666,5.588014,4.905251,-1.0,31.367409,33.88485255,1.331445792817114,31.22196096436577,36.547744135634225,33.3315112718286,-0.03282260238449197,-0.04219031480440151
2015-10-30,0.638489,0.97294,-0.39526,0.519554,0.519549,3.02828,5.025848,7.033552,7.441477,5.166317,4.189729,0.0,31.530378,33.876703750000004,1.3459836265938183,31.184736496812366,36.56867100318764,33.15997476974969,-0.16964793358111052,0.005182038111794368
2015-11-02,-0.58015,0.274809,-1.343508,-0.425658,-0.425653,1.899235,4.717553,6.613738,7.755721,5.893126,4.492618,0.0,31.396168,33.83116735,1.4154979874808278,31.000171375038345,36.662163324961654,32.99199317263067,-0.2856201681815236,-0.004265614817031353
2015-11-03,-1.634955,0.772898,-2.140312,2.717554,2.717548,-1.23067,1.560646,3.289741,4.814215,3.43758,1.806387,1.0,32.249374,33.80192805,1.4429502729066044,30.916027504186793,36.68782859581321,32.921267537142036,-0.3051646577609759,0.02681278495029722
2015-11-04,2.39306,2.722106,-0.448702,-0.624254,-0.624248,-1.029019,1.818721,3.292449,5.137598,4.303915,2.573533,-1.0,32.048058,33.69455824999999,1.4912134993365331,30.712131251326927,36.67698524867306,32.83810472408089,-0.3330590281407666,-0.006262043493528684
2015-11-05,1.263869,1.356356,-0.709001,-2.961415,-2.961427,1.818752,4.01974,5.579544,7.594033,7.530223,5.71929,-1.0,31.098978,33.46064455,1.514069933523797,30.432504682952406,36.48878441704759,32.67247360750176,-0.42682813281848553,-0.030061631798251408
2015-11-06,-0.195119,0.910572,-1.528452,-5.209615,-5.209605,6.022761,8.110567,10.230892,12.367479,13.139511,11.408129,-1.0,29.478844,33.124633800000005,1.616583547356898,29.89146670528621,36.357800894713804,32.3683184067873,-0.6246712759954072,-0.05350210338239055
2015-11-09,1.169005,1.937204,-1.269212,-2.634143,-2.63414,7.014019,9.238469,12.035172,14.218429,15.698054,14.362049,-1.0,28.70233,32.7833505,1.793330335672824,29.19668982865435,36.370011171345645,32.01917665375994,-0.8345019633733912,-0.026694549387236782
2015-11-10,-0.535475,0.234277,-1.03748,-0.200407,-0.200416,4.712188,7.955163,11.131198,13.393583,15.34539,14.496885,0.0,28.644806,32.481372,1.9573676267889835,28.566636746422034,36.396107253577966,31.69780802006852,-0.9939780407963248,-0.00200616886231717
2015-11-11,3.283785,3.318351,-0.172834,-3.179381,-3.179372,5.039744,9.702725,13.450852,15.779463,18.20117,17.946762,-1.0,27.734081,32.110369999999996,2.1205114507593614,27.869347098481274,36.35139290151872,31.320310208633423,-1.180246727771035,-0.03231011734667328
2015-11-12,-0.319266,1.48989,-1.241579,-2.557895,-2.557903,4.781839,10.975522,14.728627,17.318198,20.008514,20.581767,-1.0,27.02467,31.704855849999994,2.281068714121532,27.142718421756932,36.266993278243056,30.911201617335,-1.3693248189589582,-0.02591186539537814
2015-11-13,0.668779,1.055963,-0.879972,0.780415,0.780417,2.323128,8.539248,12.117801,15.06336,17.762763,19.102431,1.0,27.235575,31.338167600000002,2.3835203013185096,26.57112699736298,36.10520820263702,30.56114193949357,-1.4850337528644886,0.007773870616884202
2015-11-16,-0.732725,0.453597,-2.093514,0.879972,0.879974,0.537333,6.165386,9.590602,12.913467,15.563155,17.47732,1.0,27.475241,31.023247299999998,2.4596679023939507,26.103911495212095,35.9425831047879,30.267246611922754,-1.5396467836695145,0.008761248709986182
2015-11-17,1.782531,1.782531,-0.285205,-2.128405,-2.128404,1.418897,6.481284,10.471779,14.140821,16.916937,19.295308,-1.0,26.890457,30.692988349999997,2.5519361886723857,25.589115972655225,35.796860727344765,29.945647601263445,-1.6115383743723726,-0.02151380655992353
2015-11-18,-0.454549,0.349654,-1.468531,1.960788,1.960785,-0.762238,2.744755,7.058276,10.879371,13.539862,16.177158,1.0,27.417721,30.4005966,2.576560345855323,25.247475908289353,35.55371729171065,29.704892686857402,-1.6074376391752132,0.019418090863166846
2015-11-19,-0.515117,0.446425,-0.755498,1.818185,1.818189,-1.89561,-0.230088,4.322337,7.824512,10.478015,13.163913,1.0,27.916227,30.10053565,2.4935467472497277,25.113442155500547,35.08762914449946,29.534543573823363,-1.546139574400513,0.01801857649430095
2015-11-20,1.099656,1.580753,-0.51546,-0.068685,-0.068684,-1.353954,-0.728525,3.52577,6.75601,9.597247,12.249711,0.0,27.897053,29.781780699999995,2.3346203420408584,25.112540015918277,34.45102138408171,29.37859209060209,-1.4820237507234637,-0.0006870766510871757
2015-11-23,0.949705,1.37179,-0.562786,-2.302405,-2.302415,0.809011,1.079852,4.952521,8.060155,11.223362,13.88323,-1.0,27.254747,29.45152185,2.190071124457684,25.07137960108463,33.83166409891537,29.176321129592367,-1.4661394814525721,-0.02329334823548916
2015-11-24,-1.4246,0.138982,-1.4246,1.231097,1.231103,0.090339,-0.531621,2.55038,5.774842,9.01459,11.641184,1.0,27.590281,29.1835761,2.0638035098326446,25.055969080334712,33.31118311966529,29.025269688678808,-1.4102201538876002,0.012235865254175004
2015-11-25,2.542677,2.615325,-0.435892,-4.343294,-4.343294,3.857609,3.476206,5.777936,9.378857,12.922627,15.603582,-1.0,26.391954,28.867217599999996,1.9764110828831414,24.914395434233715,32.82003976576628,28.774477718328445,-1.4459308670046411,-0.04440438205456118
2015-11-27,-1.779096,0.222391,-2.149741,-1.997824,-1.997825,4.388438,5.137141,6.585127,10.54485,13.979246,16.765508,-1.0,25.864689,28.5920816,1.9929882244032118,24.606105151193578,32.578058048806426,28.497354983249547,-1.4994925269452928,-0.020180511559778274
2015-11-30,-2.586207,0.337331,-2.886057,-1.111935,-1.111925,3.748119,5.670908,6.766609,10.624055,13.901041,16.906538,-1.0,25.577093,28.294417349999996,1.9755416259172522,24.343334098165492,32.2455006018345,28.21923479436864,-1.5473106875603868,-0.0111815331912471
2015-12-01,-1.354808,0.073237,-1.537898,2.361316,2.361308,0.534607,2.738928,3.661666,7.076166,10.100333,13.243016,1.0,26.181047,28.0336613,1.8867701780131545,24.26012094397369,31.807201656026308,28.025121671095434,-1.5189632215173958,0.02333860582133535
2015-12-02,0.111569,1.747869,-0.223128,-1.537898,-1.537895,0.699146,3.912236,4.539482,7.493492,10.707327,14.013883,-1.0,25.77841,27.7101131,1.6679389817644987,24.374235136471004,31.045991063528998,27.811149130991108,-1.5115627370504647,-0.015498432151255787
2015-12-03,1.942857,2.438091,-0.53333,-2.380063,-2.380065,2.179047,5.550476,6.407618,8.746665,12.205713,15.720633,-1.0,25.164867,27.36595355,1.4170017332364715,24.531950083527057,30.199957016472943,27.559122261372906,-1.5374824516470227,-0.024088464795268258
2015-12-04,-0.490937,0.037764,-1.73716,0.87619,0.87619,0.913898,3.636706,5.05287,6.676737,10.288518,13.595165,1.0,25.385359,27.0802726,1.1811010797521577,24.718070440495687,29.442474759504314,27.3520971888612,-1.5226796473947886,0.008723735413186856
2015-12-07,1.372015,1.607213,-0.431203,-3.663142,-3.663147,3.833794,6.170134,8.289565,9.706003,13.324975,16.576511,-1.0,24.455456,26.8291032,1.1783081431498892,24.47248691370022,29.185719486299778,27.07622659944585,-1.5679098304177437,-0.03731925019828758
2015-12-08,-1.391166,1.104738,-2.16858,-4.19443,-4.19443,6.031097,9.185762,11.879434,13.383798,16.92635,20.1964,-1.0,23.429689,26.56547115,1.318627528655485,23.92821609268903,29.20272620731097,26.72893730426053,-1.667306232154612,-0.042849361460306205
2015-12-09,1.08259,3.087402,-0.761832,2.045826,2.045832,2.341616,5.457093,8.805128,10.120284,13.186843,16.526325,1.0,23.909021,26.3286819,1.3504093654173932,23.627863169165213,29.029500630834786,26.46037384671191,-1.6879429545164903,0.02025185657001624
2015-12-10,-0.835651,1.03462,-1.193788,0.76182,0.761817,0.676488,3.704742,7.061952,8.531643,11.009955,14.451526,1.0,24.091164,26.146536049999998,1.3957888005491201,23.35495844890176,28.938113651098238,26.234734813691727,-1.6703455836659202,0.007589298843200695
2015-12-11,0.755989,1.637976,-0.335989,-5.252686,-5.252677,4.015116,8.122635,11.510567,13.628724,15.714403,19.549205,-1.0,22.825733,25.936589200000004,1.5625781867642468,22.81143282647151,29.061745573528498,25.910067974292513,-1.7384692551229897,-0.05395659438836951
2015-12-14,-0.380228,0.549214,-1.943392,-0.587984,-0.587994,3.075626,7.490497,10.640758,13.299539,15.20237,18.957897,-1.0,22.691519,25.7093864,1.689005553776159,22.33137529244768,29.087397507552318,25.60353950055037,-1.782737416462595,-0.00589729753349945
2015-12-15,0.839987,1.805968,-0.419992,0.591462,0.591472,1.940358,5.388489,8.696623,11.614865,13.495167,17.006856,1.0,22.825733,25.476911,1.7519669199582986,21.972977160083403,28.9808448399166,25.338986500497953,-1.78639782302254,0.005897297533499592
2015-12-16,-0.447522,0.244097,-2.359642,3.23394,3.233933,-1.545974,1.147273,4.152427,7.41253,9.077298,12.112828,1.0,23.563902,25.31058325,1.7685344276740513,21.773514394651897,28.847652105348104,25.169930833783862,-1.710022576617682,0.03182742488877806
2015-12-17,2.963586,3.217604,-0.084678,-3.90561,-3.905614,1.176968,4.144791,7.281963,10.723961,12.611345,15.285067,-1.0,22.643587,25.07187655,1.791203478744198,21.489469592511604,28.654283507488394,24.92932665913778,-1.7041124254273505,-0.03983928758333408
2015-12-18,-1.295441,1.796912,-1.295441,1.312443,1.312442,-0.033428,1.730049,5.042488,8.205185,10.440455,12.606216,1.0,22.940771,24.82310375,1.7194446993061814,21.384214351387637,28.261993148612365,24.73994040588656,-1.6563548947178042,0.0130390433712868
2015-12-21,1.07084,1.441507,-1.029654,1.462603,1.462597,-0.971989,-0.242993,2.869307,5.652806,8.168045,10.094734,1.0,23.276302,24.592066199999998,1.5902528113727261,21.411560577254544,27.77257182274545,24.600546271992606,-1.5732961809742285,0.014520040895871346
2015-12-22,-1.222498,0.285249,-1.507746,1.07084,1.070853,-1.42625,-1.259176,1.026887,3.740824,6.350441,8.194776,1.0,23.525557,24.4056067,1.4761508624529243,21.453304975094152,27.357908424905848,24.498166341326645,-1.4704087991982142,0.010651600682395299
2015-12-23,-5.469946,0.885986,-5.469946,5.786463,5.78646,-5.755005,-6.267332,-4.738056,-2.476885,0.211097,1.773244,1.0,24.886854,24.270435350000003,1.2799142383923592,21.710606873215283,26.830263826784723,24.53518421358125,-1.2644487388415264,0.05625235011723054
2015-12-24,-0.420803,0.306044,-0.994644,0.693374,0.693378,-4.4759,-6.526397,-5.422087,-3.414308,-0.855394,0.716653,1.0,25.059414,24.20380835,1.195568384546788,21.812671580906425,26.594945119093573,24.585110859906848,-1.0749088768658694,0.006909853068018367
2015-12-28,0.46476,0.697134,-0.852053,-1.224174,-1.224179,-1.82804,-4.589465,-4.420346,-2.441905,-0.137877,1.658921,-1.0,24.752642,24.148206000000002,1.13877017910935,21.8706656417813,26.425746358218703,24.601066206582384,-0.9386311516500072,-0.0123173345234834
2015-12-29,-0.912197,0.228058,-1.026218,1.89775,1.897757,-2.113266,-5.362982,-5.997722,-4.329155,-2.421896,-0.500446,1.0,25.222387,24.130470699999996,1.1179165028705556,21.894637694258886,26.366303705741107,24.6602396154793,-0.7836916672028167,0.018799742371150212
2015-12-30,-0.461542,0.423081,-1.153842,-1.178255,-1.178267,0.176927,-3.392303,-4.476919,-3.44038,-1.632303,0.344877,-1.0,24.9252,24.06767835,1.0283579848272888,22.010962380345426,26.124394319654577,24.685473937814603,-0.6770765991350451,-0.011852633275564697
2015-12-31,0.03882,1.436332,-0.155283,-0.923077,-0.923074,0.95497,-2.03416,-3.37474,-2.760092,-1.184781,0.983439,-1.0,24.695122,24.01351395,0.9597502379393824,22.094013474121237,25.933014425878763,24.68639280087988,-0.6041841030804065,-0.009273605636230923
